Resort,HighestPoint,LowestPoint,VerticalDrop,DayPassPriceAdult,BeginnerSlope,IntermediateSlope,DifficultSlope,TotalSlope,SurfaceLifts,ChairLifts,GondolaLifts,TotalLifts,LiftCapacity,SnowCannons,Snowparks,NightSki,Country_Andorra,Country_Austria,Country_France,Country_Germany,Country_Italy,Country_Norway,Country_Other,Country_Slovakia,Country_Spain,Country_Sweden,Country_Switzerland
Alpendorf (Ski amedé),-0.15818667271447945,-0.84380484915833,0.41323604949722414,0.9384572829040756,-0.12316525580666292,0.8391492255801904,-0.44935288152352915,0.23553668604220637,0.5571321357003153,0.5108785807593328,1.0542227486801623,0.6904947553397693,0.8659143026241516,0.9204635972688553,1,0,0,1,0,0,0,0,0,0,0,0,0
Soldeu-Pas de la Casa/​Grau Roig/​El Tarter/​Canillo/​Encamp (Grandvalira),0.7508271698278202,1.5830723178807748,-0.16274773134293102,0.4772496438700212,1.1739471683877922,0.7588875192738851,1.1734877112409725,1.068131483214657,1.596459404732333,1.4603902864130422,0.44828136404244306,1.4306603593412648,1.3781741456613994,1.9754860979135094,1,1,1,0,0,0,0,0,0,0,0,0,0
Oberau (Wildschönau),-1.3288863184128956,-0.4434952133580653,-1.4633562687239265,-1.0908563288457638,-0.6605404029729373,-0.7861503271224941,-0.6172329428439949,-0.7548129148050242,-0.828637556342375,-0.7551370267789462,-0.6121160590735656,-0.8220175658806779,-0.7274504303693892,-0.5448454314042755,0,0,0,1,0,0,0,0,0,0,0,0,0
Dachstein West,-0.6540124050102792,-0.7437274402082639,-0.3299688290062019,0.016042004835966853,-0.4011179181340462,-0.12399125009547447,-0.5053129019636844,-0.3253692825792339,0.7649975895067188,-0.12212922300980676,-0.1576600205952762,0.27214028351283714,-0.054977900066967296,-0.146769811948075,1,1,0,1,0,0,0,0,0,0,0,0,0
Rosa Khutor,0.310093185564887,-0.34341780440799907,0.6733577569734233,-1.8287885513002506,-0.12316525580666292,-0.26444923613150895,0.5019674659591099,-0.09750123282677381,-0.5514836179338369,0.11524870340362056,0.9027374025207325,-0.017489735444269777,0.2983271866461351,0.5541363401005726,1,0,0,0,0,0,0,0,1,0,0,0,0
Białka Tatrzańska-Kotelnica-​Kaniówka-​Bania,-1.6318909325936621,-0.9939209625834293,-1.4633562687239265,-1.73654702349344,-0.45670845059952286,-0.725954047392765,-0.6731929632841501,-0.6321147341690841,-0.48219513333170244,-0.6760110513078038,-0.6121160590735656,-0.6289308865759399,-0.16164176848041342,-0.5448454314042755,1,1,0,0,0,0,0,0,1,0,0,0,0
Vitosha-Sofia,0.26877437454023706,-0.8788319422908532,1.0152320010849993,-2.1977546625274944,-0.45670845059952286,-0.665757767663036,-0.5612729224038396,-0.5970581111302441,-0.41290664872956795,-0.3595071494232341,-0.309145366754706,-0.4036630940537456,-0.4993311607531577,-0.5448454314042755,0,1,0,0,0,0,0,0,1,0,0,0,0
Szczyrk-Skrzyczne,-1.1539700184085442,-1.3842228574886875,-0.5287761340058683,-2.0132716069138725,-0.27140667571460064,-0.6456923410864597,-0.44935288152352915,-0.465595774734594,-0.2050411949231644,-0.4386331248943765,-0.4606307129141358,-0.3714819808362893,-0.28136209252315897,-0.5448454314042755,0,0,0,0,0,0,0,0,1,0,0,0,0
Jahorina,-0.28352039948925106,-0.3934565088830322,-0.09028525568884699,-2.0132716069138725,-0.6234800479959528,-0.40490722216754343,-0.5053129019636844,-0.553237332331694,-0.6207721025359715,-0.3595071494232341,-0.4606307129141358,-0.5323875469235709,-0.4173487649412776,-0.5448454314042755,0,1,0,0,0,0,0,0,1,0,0,0,0
Kobla-Bohinj,-0.8468335231253126,-1.344191893908661,-0.14416760938034537,-1.8287885513002506,-0.45670845059952286,-0.5854960613567306,-0.6172329428439949,-0.5707656438511141,-0.7593490717402405,-0.517759100365519,-0.6121160590735656,-0.6932931130108525,-0.6452945268415051,-0.471579979970619,0,0,0,0,0,0,0,0,1,0,0,0,0
Aillons-Margériaz,-0.42675894437470435,0.7324143418052124,-1.119624012416092,-2.1055131347206832,-0.34552738566856955,-0.7058886208161887,-0.6172329428439949,-0.562001488091404,-0.48219513333170244,-0.6760110513078038,-0.6121160590735656,-0.6289308865759399,-0.5519256871668639,-0.5448454314042755,0,0,0,0,1,0,0,0,0,0,0,0,0
Gornaya Karusel,-1.563026247552579,-1.344191893908661,-1.1103339514347992,-1.8287885513002506,-0.6049498705074606,-0.48516892847384885,-0.6172329428439949,-0.5970581111302441,-0.7593490717402405,-0.6760110513078038,-0.6121160590735656,-0.7576553394457652,-0.4279761125465213,-0.5448454314042755,0,0,0,0,0,0,0,0,1,0,0,0,0
Kaiseregg-​Riggisalp-Schwarzsee,-0.47496422390346266,-0.06820492979531709,-0.5900905364824011,-0.7218902176185201,-0.4196480956225384,-0.6858231942396124,-0.6172329428439949,-0.5970581111302441,-0.2050411949231644,-0.517759100365519,-0.4606307129141358,-0.4036630940537456,-0.6437763343264703,-0.4325050725393355,1,1,0,0,0,0,0,0,0,0,0,0,1
St. Pierre de Chartreuse-Le Planolet,-0.4060995388623794,-0.4434952133580653,-0.218488097230688,-1.9210300791070616,-0.34552738566856955,-0.5453652082035779,-0.3933928610833739,-0.465595774734594,-0.7593490717402405,-0.5968850758366614,-0.6121160590735656,-0.7254742262283089,-0.4958610064330781,-0.45936907139834293,0,0,0,0,1,0,0,0,0,0,0,0,0
Buchenberg-Buching-Halblech-,-1.315113381404679,-0.6686693834957141,-1.27755504909807,-1.552063967879818,-0.642010225484445,-0.7058886208161887,-0.6731929632841501,-0.7197562917661842,-0.828637556342375,-0.6760110513078038,-0.6121160590735656,-0.7898364526632216,-0.7086248431829575,-0.5448454314042755,0,0,0,0,0,1,0,0,0,0,0,0,0
Méribel (Les 3 Vallées),1.5634304533126033,0.08191118362978218,2.0482867822047615,1.7686310331653736,5.102344795948143,3.5479818134179983,3.3559285084070267,4.486152229501559,3.3286715197856958,4.2297994279030275,5.447297787303627,4.423503888564703,4.671415660810424,5.274873594142509,1,1,0,0,1,0,0,0,0,0,0,0,0
​Les Menuires (Les 3 Vallées),1.5634304533126033,0.08191118362978218,2.0482867822047615,1.7686310331653736,5.102344795948143,3.5479818134179983,3.3559285084070267,4.486152229501559,3.3286715197856958,4.2297994279030275,5.447297787303627,4.423503888564703,4.671415660810424,5.274873594142509,1,1,0,0,1,0,0,0,0,0,0,0,0
Les Sybelles-Le Corbier-​La Toussuire-​Les Bottières-​St Colomban des Villards-​St Sorlin-​St Jean d’Arves,0.7232812958113869,0.05689183139226564,0.9334794644496224,0.20052506044958862,0.3030288264286581,4.009486624679255,0.33408740463864417,1.9445470591856573,2.0814787969472746,1.4603902864130422,-0.6121160590735656,1.4306603593412648,1.0482926006088342,0.7104359698257066,1,1,0,0,1,0,0,0,0,0,0,0,0
Le Grand Massif-Flaine-​Les Carroz-​Morillon-​Samoëns-​Sixt,0.524951002893067,-0.9588938694509062,1.4202786598693664,0.4772496438700212,1.82250338048502,1.1200651976522595,1.285407752121283,1.5501600499987072,1.3885939509259295,1.5395162618841847,0.7512520563613027,1.4306603593412648,1.3479621146122065,2.141554454496464,1,0,0,0,1,0,0,0,0,0,0,0,0
Megève-​Saint-Gervais,0.355543877692002,-0.568591974545648,0.9018932571132268,0.3850081160632104,1.1368868134108079,1.9026168341387373,1.0615676703606622,1.5326317384792871,2.4972097045600816,1.3812643109418998,0.7512520563613027,1.8811959443856534,1.5374759174175527,1.623811931031958,1,1,0,0,1,0,0,0,0,0,0,0,0
Laax-​Flims-​Falera,1.27144418873841,0.05689183139226564,1.6729683185605313,2.4143217278130495,0.9515850385258857,0.8391492255801904,0.3900474250787994,0.8753200565010367,-0.06646422571889538,-0.043003247538664316,1.0542227486801623,0.17559694386046817,0.23083268512058724,0.18780908293228984,1,0,0,0,0,0,0,0,0,0,0,0,1
Vars-​Risoul-La Forêt Blanche,0.9023294769182034,1.4329562044556756,0.15311434202102503,-0.2606825785844658,0.7106927311754869,1.0197380647693777,0.44600744551895466,0.8490275892219067,1.2500169817216604,0.5900045562304752,-0.309145366754706,0.754856981774682,0.3182155085930912,-0.5448454314042755,1,1,0,0,1,0,0,0,0,0,0,0,0
Kicking Horse,-0.6705399294201393,1.0576659208929275,-1.6900337566674715,-0.2606825785844658,0.3586193588941347,1.0799343444991067,1.0056076499205069,0.8052068104233567,0.48784365109818073,0.2735006543459054,-0.006174674435846377,0.3365025099477498,0.11293419209588346,0.1414076303576407,1,0,0,0,1,0,0,0,0,0,0,0,0
Le Grand Domaine-Valmorel-​Doucy-​Celliers-​St François Longchamp,0.6268707367538703,0.43218211495501385,0.524716781272738,0.20052506044958862,1.4518998307151756,-0.08386039694232177,0.16620734331817846,0.6737444740277067,1.5271709201301986,0.5900045562304752,-0.1576600205952762,0.9157625478619635,0.5373340654416162,0.2659588977948568,1,0,0,0,1,0,0,0,0,0,0,0,0
Galibier Thabor-Valmeinier-​Valloire,0.6874716595900235,0.8825304552303117,0.2720271225815732,-0.2606825785844658,0.7106927311754869,0.41777526747208704,0.16620734331817846,0.5422821376320566,-0.1357527103210299,0.5900045562304752,-0.309145366754706,0.11123471742555552,0.1697579690871866,0.43202725437781164,1,1,0,0,1,0,0,0,0,0,0,0,0
Zillertal Arena-Zell am Ziller-​Gerlos-​Königsleiten-​Hochkrimml,0.5580060517127869,-1.2441144849585948,1.6766843429530485,0.9384572829040756,0.1177270515437359,0.9996726381928013,-0.05763273844244249,0.48093304731408654,0.5571321357003153,0.906508458115045,1.3571934409990218,0.9157625478619635,1.1699215095276234,1.389362486444257,1,0,0,1,0,0,0,0,0,0,0,0,0
La Molina-​Masella-Alp2500,0.6007021564382586,1.3478904068481194,-0.1906179142868095,0.2927665882563995,0.7292229086639791,0.1569247219765945,0.33408740463864417,0.4634047357946665,0.3492666818939117,0.2735006543459054,-0.4606307129141358,0.17559694386046817,0.09276392011042088,1.9217581001954946,1,1,0,0,0,0,0,0,0,0,1,0,0
Auron-Saint-Etienne-de-Tinée-,-0.6815582790267126,0.18198859257984837,-1.0545935855470423,-0.7218902176185201,0.4327400688481036,0.11679386882344177,1.0056076499205069,0.4108198012364065,-0.48219513333170244,-0.043003247538664316,-0.1576600205952762,-0.27493864118392036,-0.2264902773369006,0.5297145229560204,1,0,0,0,1,0,0,0,0,0,0,0,0
Alta Badia,0.6268707367538703,0.6173253215126363,0.38722387874960423,0.9384572829040756,0.6180418437330257,0.2572518548594762,-0.2255127997629082,0.3669990224378565,0.2799781972917772,1.618642237355327,1.0542227486801623,1.0123058875143325,1.1680129246515798,0.4100476189477147,1,0,0,0,0,0,1,0,0,0,0,0,0
La Clusaz-​Manigod,0.5263282965938886,-0.09322428203283364,0.7792644521601615,-0.4451656341980875,0.469800423825088,0.016466735940560005,0.6138875068394204,0.3231782436393064,0.9728630433131223,0.3526266298170479,0.44828136404244306,0.6904947553397693,0.5177710704621676,-0.00023890908076194462,1,1,0,0,1,0,0,0,0,0,0,0,0
Espace Villard Corrençon-Villard-de-Lans-​Corrençon-en-Vercors,-0.06177611365696283,-0.06820492979531709,-0.03268687760483147,-0.5374071620048985,0.24743829396318143,0.21712100170632354,0.7258075477197308,0.3231782436393064,0.2799781972917772,-0.2012551984809492,-0.1576600205952762,0.014691377773186548,-0.1924393880711197,0.2830541697960433,1,0,0,0,1,0,0,0,0,0,0,0,0
Val Cenis-Lanslevillard-​Lanslebourg-​Termignon,0.9711941619592868,0.5572788761425965,0.8963192205244511,-0.5374071620048985,0.6736323761985025,0.05659758909371271,-0.11359275888259773,0.3231782436393064,-0.06646422571889538,0.2735006543459054,-0.309145366754706,0.014691377773186548,0.09436886648345769,-0.05640908851323196,1,1,0,0,1,0,0,0,0,0,0,0,0
Isola 2000,0.6998673028974185,1.808246488018424,-0.3987152802677688,-0.7218902176185201,0.7106927311754869,-0.08386039694232177,-0.11359275888259773,0.2793574648407564,-0.1357527103210299,-0.2012551984809492,-0.1576600205952762,-0.1783953015315514,-0.2963921984220037,0.5052927058114681,1,1,0,0,1,0,0,0,0,0,0,0,0
Obersaxen-​Mundaun-​Val Lumnezia,0.2963202485566704,0.30958728899118276,0.16983645178735213,0.8462157550972648,0.4327400688481036,0.016466735940560005,0.44600744551895466,0.2793574648407564,-0.2743296795252989,-0.043003247538664316,-0.6121160590735656,-0.27493864118392036,-0.31996755933404436,0.18048253778892417,1,1,0,0,0,0,0,0,0,0,0,0,1
Les 7 Laux-Prapoutel-​Le Pleynet-​Pipay,0.4202766816306203,0.6823756373301793,0.06021373220809679,-0.5374071620048985,0.17331758400921257,-0.06379497036574541,1.4532878134417488,0.2793574648407564,0.07211274348537365,-0.12212922300980676,-0.4606307129141358,-0.11403307509663874,-0.07028995600431845,-0.05640908851323196,1,0,0,0,1,0,0,0,0,0,0,0,0
Corvatsch-​Furtschellas,1.6639728934725848,1.800740682347169,0.9074672937020025,2.5065632556198607,-0.43817827311103064,0.9996726381928013,0.2781273841984889,0.2793574648407564,-0.6207721025359715,-0.2803811739520916,-0.1576600205952762,-0.435844207271202,-0.36789906588014354,-0.5448454314042755,1,1,0,0,0,0,0,0,0,0,0,0,1
Nassfeld-Hermagor,-0.1278862112964028,-1.1940757804835616,0.7142340252911117,0.3850081160632104,-0.12316525580666292,0.5983641066612743,-0.05763273844244249,0.19171590724365636,0.14140122808750816,-0.043003247538664316,0.14531067172358345,0.07905360420809919,0.30175396403721366,0.6347283366775948,1,1,0,1,0,0,0,0,0,0,0,0,0
Mondolè Ski-Artesina-​Frabosa Soprana-​Prato Nevoso,-1.773752183778294,-0.6861829300619757,-1.8832670250783623,-0.8141317454253311,0.09919687405524369,0.23718642828289987,-0.05763273844244249,0.14789512844510633,0.3492666818939117,0.3526266298170479,-0.6121160590735656,0.17559694386046817,-0.20397765118538433,-0.5448454314042755,1,1,0,0,0,0,1,0,0,0,0,0,0
Aletsch Arena-Riederalp-​Bettmeralp-​Fiesch Eggishorn,-0.3441213223254044,-0.7962680799070486,0.12710217127340512,1.0306988107108865,0.09919687405524369,0.21712100170632354,-0.0016727180022872532,0.13913097268539634,0.2799781972917772,-0.12212922300980676,1.2057080948395922,0.3365025099477498,0.12223854336659683,0.08523745092517068,1,1,0,0,0,0,0,0,0,0,0,0,1
Bad Kleinkirchheim-​St. Oswald,-0.0548896451528545,0.02436667348349413,-0.09214326788510556,0.4772496438700212,-0.34552738566856955,0.7588875192738851,-0.2255127997629082,0.13036681692568633,0.21068971268964268,-0.2012551984809492,-0.006174674435846377,0.014691377773186548,-0.09297608987183871,1.408899940159899,1,1,0,1,0,0,0,0,0,0,0,0,0
Bardonecchia,0.8252010296721902,0.5873020988276164,0.6770737813659404,-0.5374071620048985,0.3215590039171503,-0.023664117212592702,-0.2255127997629082,0.1040743496465563,-0.06646422571889538,-0.043003247538664316,-0.4606307129141358,-0.14621418831409508,-0.1710111851446283,-0.5448454314042755,1,0,0,0,0,0,1,0,0,0,0,0,0
Saint-Lary-Soulan,-0.6815582790267126,-0.6636655130482109,-0.42658546321164725,0.016042004835966853,0.4327400688481036,-0.18418752982520353,-0.11359275888259773,0.1040743496465563,0.21068971268964268,0.11524870340362056,-0.1576600205952762,0.11123471742555552,0.07070675171341505,0.16338726578773766,1,1,0,0,1,0,0,0,0,0,0,0,0
Orcières Merlette 1850,0.8678971343976618,1.9333432492060065,-0.2649384021371521,-0.7218902176185201,0.34008918140564254,-0.023664117212592702,-0.2814728202030634,0.1040743496465563,0.41855516649604624,-0.2012551984809492,-0.1576600205952762,0.07905360420809919,-0.12726555224712507,-0.5448454314042755,1,0,0,0,1,0,0,0,0,0,0,0,0
Dévoluy-Superdévoluy-​La Joue du Loup,0.4891413666717036,0.9325691597053447,-0.03268687760483147,-0.5374071620048985,0.4327400688481036,-0.18418752982520353,-0.11359275888259773,0.1040743496465563,0.2799781972917772,-0.3595071494232341,-0.4606307129141358,-0.11403307509663874,-0.16975325420359946,-0.10525272280233632,1,0,0,0,1,0,0,0,0,0,0,0,0
Grand Tourmalet-​Pic du Midi-La Mongie-​Barèges,0.5580060517127869,0.43218211495501385,0.4318161714598098,0.016042004835966853,0.39567971387111917,-0.08386039694232177,-0.2814728202030634,0.1040743496465563,0.48784365109818073,0.4317526052881903,-0.309145366754706,0.3365025099477498,0.10319607153516012,-0.5448454314042755,1,0,0,0,1,0,0,0,0,0,0,0,0
Parsenn (Davos Klosters),1.03179508479544,-0.6686693834957141,1.888497733326525,1.7686310331653736,-0.3084670306915851,0.41777526747208704,0.22216736375833368,0.0690177266077163,-0.690060587138106,-0.2803811739520916,0.5997667102018729,-0.3071197544013767,-0.18821013749352272,-0.13211672166134372,1,0,0,0,0,0,0,0,0,0,0,0,1
Åre,-1.1305560254945757,-1.7445015297089257,-0.2296361704082394,0.2927665882563995,0.15478740652072034,-0.023664117212592702,-0.2255127997629082,0.025196947809166266,0.9035745587109878,-0.3595071494232341,-0.006174674435846377,0.27214028351283714,0.07649757173504784,-0.5448454314042755,1,1,0,0,0,0,0,0,0,0,0,1,0
Alto Sangro-Roccaraso-​Rivisondoli,0.06355761311780879,0.5797962931563615,-0.3448329265762704,-0.07619952297084402,0.0065459866127826,-0.14405667667205083,0.44600744551895466,0.01643279204945626,-0.2050411949231644,0.11524870340362056,-0.006174674435846377,-0.0496708486617261,0.02448863386285512,-0.5448454314042755,0,0,0,0,0,0,1,0,0,0,0,0,0
Chamrousse,0.2136826265073704,0.807472398517762,-0.31138870704361626,-0.7218902176185201,0.15478740652072034,-0.08386039694232177,-0.11359275888259773,0.01643279204945626,-0.41290664872956795,-0.2012551984809492,-0.4606307129141358,-0.3714819808362893,-0.24019738690121495,-0.35435525767676856,1,1,0,0,1,0,0,0,0,0,0,0,0
Valberg-​Beuil les Launes,-0.10309492468161281,0.8374956212027819,-0.761027658538189,-0.9063732732321419,0.15478740652072034,-0.08386039694232177,-0.11359275888259773,0.01643279204945626,0.5571321357003153,-0.2012551984809492,-0.6121160590735656,0.04687249099064287,-0.20675377464144798,0.43202725437781164,1,0,0,0,1,0,0,0,0,0,0,0,0
Adelboden-​Lenk-Chuenisbärgli-​Silleren-​Hahnenmoos-​Metsch,-1.149838137306079,-0.01316235487278069,-1.5413927809667864,1.2151818663245082,0.13625722903222812,-0.023664117212592702,-0.33743284064321866,-0.0010955194699637507,-0.1357527103210299,-0.12212922300980676,0.29679601788301324,-0.0496708486617261,-0.018497902777130697,0.6762454258233335,1,1,0,0,0,0,0,0,0,0,0,0,1
Rinderberg-​Saanerslochgrat-​Horneggli-Zweisimmen-​Saanenmöser-​Schönried-​St. Stephan,-0.11549056798900781,-0.32340232261798585,0.08436789075945814,1.1229403385176975,0.469800423825088,-0.3647763690143907,-0.44935288152352915,-0.0010955194699637507,-0.3436181641274334,-0.12212922300980676,-0.006174674435846377,-0.2105764147490077,-0.37115233555521815,-0.5448454314042755,1,1,0,0,0,0,0,0,0,0,0,0,1
Graukogel-Bad Gastein,-0.12099974279229447,0.004351191693480891,-0.16646375573544817,-0.5374071620048985,-0.6234800479959528,-0.665757767663036,-0.5612729224038396,-0.6759355129676341,-0.8979260409445096,-0.5968850758366614,-0.6121160590735656,-0.7898364526632216,-0.6966528107786829,-0.5448454314042755,0,0,0,1,0,0,0,0,0,0,0,0,0
Les Portes du Mont-Blanc-Combloux-​Megève le Jaillet-​La Giettaz,-0.35789425933362107,0.08941698930103714,-0.5492142681647125,-0.6296486898117093,-0.16022561078364736,0.21712100170632354,-0.2814728202030634,-0.027387986749093766,0.14140122808750816,-0.12212922300980676,-0.4606307129141358,-0.08185196187918242,-0.1221253861605072,-0.5448454314042755,0,0,0,0,1,0,0,0,0,0,0,0,0
Le Grand Bornand,0.007088571384120478,-0.19330169098289982,0.15311434202102503,-0.4451656341980875,0.2289081164746892,-0.24438380955493258,-0.2255127997629082,-0.03615214250880377,0.2799781972917772,0.2735006543459054,-0.309145366754706,0.17559694386046817,0.03103855014200533,0.024182908063790233,1,1,0,0,1,0,0,0,0,0,0,0,0
Kaltenbach-Hochzillertal-​Hochfügen-SKi-optimal-,0.3899762202125437,-1.1940757804835616,1.4128466110843323,0.9384572829040756,-0.16022561078364736,0.036532162517136355,0.05428730243786798,-0.044916298268513774,0.5571321357003153,0.194374678874763,0.14531067172358345,0.3686836231652061,0.5305021991239596,0.43202725437781164,1,1,0,1,0,0,0,0,0,0,0,0,0
Grimentz-​Zinal,1.1089235320414534,1.2328013865555434,0.580457147160495,0.8462157550972648,-0.1972859657606318,-0.22431838297835624,0.781767568159886,-0.07120876554764378,-0.06646422571889538,-0.3595071494232341,-0.1576600205952762,-0.2105764147490077,-0.34978919802222824,-0.3103959868165746,1,0,0,0,0,0,0,0,0,0,0,0,1
Civetta-Alleghe-​Selva di Cadore-​Palafavera-​Zoldo,0.007088571384120478,-0.19330169098289982,0.15311434202102503,0.10828353264277774,-0.12316525580666292,0.09672844224686541,-0.33743284064321866,-0.07120876554764378,-0.2743296795252989,0.03612272793247812,-0.1576600205952762,-0.14621418831409508,-0.047365249027292715,-0.3006272599587537,1,1,0,0,0,0,1,0,0,0,0,0,0
Ax les Thermes,-0.9570170191910459,-0.8938435536333631,-0.6272507804075723,-0.4451656341980875,0.062136519078259254,-0.2845146627080853,0.16620734331817846,-0.07120876554764378,-0.2050411949231644,-0.2803811739520916,-0.309145366754706,-0.27493864118392036,-0.3069544806337459,-0.5448454314042755,1,0,0,0,1,0,0,0,0,0,0,0,0
Damüls Mellau,-0.06177611365696283,-0.9689016103459127,0.636197513048252,0.661732699483643,0.0065459866127826,-0.0035986906360163493,-0.6172329428439949,-0.0799729213073538,-0.2743296795252989,0.2735006543459054,-0.309145366754706,-0.08185196187918242,0.03659079705413266,-0.22736180852509721,1,0,0,1,0,0,0,0,0,0,0,0,0
Zell am See,-0.13064079869804612,-0.7937661446832969,0.41323604949722414,0.7539742272904539,-0.12316525580666292,-0.22431838297835624,0.3900474250787994,-0.09750123282677381,-0.3436181641274334,0.03612272793247812,0.5997667102018729,-0.017489735444269777,0.2805209572912267,0.5541363401005726,1,1,0,1,0,0,0,0,0,0,0,0,0
Cerler,0.7246585895122085,1.0701755970116857,0.18284253716116208,0.016042004835966853,-0.030514368364201835,-0.24438380955493258,0.11024732287802322,-0.10626538858648381,-0.2743296795252989,-0.043003247538664316,-0.6121160590735656,-0.27493864118392036,-0.3210519825590692,-0.5448454314042755,1,0,0,0,0,0,0,0,0,0,1,0,0
Three Peaks Dolomites-Helm-​Stiergarten-​Rotwand-​Kreuzbergpass,0.1448179414662871,0.13194988810481528,0.09737397613326809,0.8462157550972648,-0.3640575631570618,-0.0035986906360163493,0.33408740463864417,-0.11502954434619382,0.41855516649604624,-0.4386331248943765,0.29679601788301324,0.07905360420809919,-0.30229146076613894,0.06569999720952895,1,0,0,0,0,0,1,0,0,0,0,0,0
Puy St. Vincent,0.8017870367582218,0.8249859450840236,0.46897641538498114,-0.7218902176185201,-0.16022561078364736,-0.10392582351889812,0.05428730243786798,-0.11502954434619382,-0.690060587138106,-0.12212922300980676,-0.6121160590735656,-0.5002064337061146,-0.3972869352783175,-0.31283816853102986,1,1,0,0,1,0,0,0,0,0,0,0,0
Folgaria-​Fiorentini,-0.33723485382129603,0.3070853537674311,-0.6829911462953293,-0.1684410507776549,-0.011984190875709618,-0.14405667667205083,-0.3933928610833739,-0.12379370010590382,-0.06646422571889538,0.5900045562304752,-0.6121160590735656,0.07905360420809919,0.009263331783505956,0.13896544864318547,1,0,0,0,0,0,1,0,0,0,0,0,0
Titlis-Engelberg,1.2741987761400533,-0.19330169098289982,1.862485562578905,1.39966492193813,-0.049044545852694056,-0.26444923613150895,-0.0016727180022872532,-0.14132201162532382,-0.48219513333170244,-0.2803811739520916,0.44828136404244306,-0.24275752796646402,-0.26366430549075315,-0.10525272280233632,1,0,0,0,0,0,0,0,0,0,0,0,1
Trysil,-1.3702051294375457,-1.6569337968776177,-0.6179607194262795,0.3850081160632104,-0.06757472334118628,-0.4249726487441198,0.44600744551895466,-0.15008616738503383,1.042151527915257,-0.2012551984809492,-0.6121160590735656,0.27214028351283714,0.01537947877264622,0.47598652523800555,1,1,0,0,0,0,0,1,0,0,0,0,0
Nauders am Reschenpass-Bergkastel,1.04005884700037,0.807472398517762,0.8034186107115229,0.016042004835966853,-0.23434632073761624,-0.10392582351889812,0.05428730243786798,-0.15008616738503383,-0.2050411949231644,-0.3595071494232341,-0.4606307129141358,-0.339300867618833,-0.3865294568860708,-0.3201647136743955,1,0,0,1,0,0,0,0,0,0,0,0,0
Grossarltal-​Dorfgastein,-0.08519010657093115,-0.568591974545648,0.30732935431048597,0.7539742272904539,-0.21581614324912402,0.07666301567028906,-0.6172329428439949,-0.15885032314474384,-0.48219513333170244,-0.12212922300980676,0.14531067172358345,-0.24275752796646402,-0.12498826347457286,-0.5448454314042755,1,0,0,1,0,0,0,0,0,0,0,0,0
Katschberg,0.17236381548272042,-0.02817396621529062,0.25344700061898756,0.3850081160632104,-0.49376880557650726,0.21712100170632354,-0.11359275888259773,-0.15885032314474384,-0.3436181641274334,-0.2803811739520916,-0.309145366754706,-0.339300867618833,-0.19551915003019035,1.286790854437138,1,1,0,1,0,0,0,0,0,0,0,0,0
Valfréjus,0.8844246588075219,1.1827626820805102,0.3147614030955202,-1.1830978566525745,0.062136519078259254,-0.38484179559096704,-0.11359275888259773,-0.15885032314474384,-0.6207721025359715,-0.4386331248943765,-0.4606307129141358,-0.5645686601410272,-0.4266748046764915,-0.3494708942478581,1,0,0,0,1,0,0,0,0,0,0,0,0
Savognin,0.8513696099878019,0.3070853537674311,0.9204733790758124,0.7539742272904539,-0.08610490082967849,-0.023664117212592702,-0.6731929632841501,-0.15885032314474384,-0.2743296795252989,-0.5968850758366614,-0.4606307129141358,-0.4680253204886583,-0.46571404077738676,-0.3006272599587537,1,1,0,0,0,0,0,0,0,0,0,0,1
Scuol-Motta Naluns,0.9505347564469618,0.43218211495501385,0.9613496473935009,0.7539742272904539,-0.1787557882721396,-0.14405667667205083,-0.05763273844244249,-0.15885032314474384,-0.5514836179338369,-0.2803811739520916,-0.4606307129141358,-0.4680253204886583,-0.3789601827753972,-0.2127087182383659,1,0,0,0,0,0,0,0,0,0,0,0,1
Passo San Pellegrino-​Falcade,0.5759108698234686,0.28206600152991457,0.567451061786685,0.4772496438700212,-0.3084670306915851,-0.023664117212592702,-0.2255127997629082,-0.18514279042387385,-0.5514836179338369,-0.043003247538664316,-0.309145366754706,-0.339300867618833,-0.248178741837398,-0.5448454314042755,1,0,0,0,0,0,1,0,0,0,0,0,0
Piau Engaly,0.6406436737620869,0.8575111029927951,0.22743482987136765,-0.4451656341980875,-0.030514368364201835,-0.34471094243781436,-0.2255127997629082,-0.20267110194329388,-0.6207721025359715,-0.3595071494232341,-0.6121160590735656,-0.5645686601410272,-0.4740640996100782,-0.44715816282606685,1,0,0,0,1,0,0,0,0,0,0,0,0
Flumserberg,-1.9693278892949704,-1.6319144446401013,-1.444776146761341,0.8462157550972648,-0.49376880557650726,-0.023664117212592702,0.2781273841984889,-0.20267110194329388,-0.3436181641274334,-0.12212922300980676,-0.006174674435846377,-0.2105764147490077,-0.09989471004749738,-0.5448454314042755,1,1,0,0,0,0,0,0,0,0,0,0,1
Super Sauze,0.4891413666717036,0.807472398517762,0.06021373220809679,-1.0908563288457638,-0.030514368364201835,-0.38484179559096704,-0.11359275888259773,-0.20267110194329388,0.2799781972917772,-0.4386331248943765,-0.6121160590735656,-0.1783953015315514,-0.3800879829294231,-0.3006272599587537,1,0,0,0,1,0,0,0,0,0,0,0,0
Bukovel,-0.9955812428140525,-0.4685145655955818,-0.9951371952667682,-0.9063732732321419,-0.1972859657606318,-0.22431838297835624,-0.05763273844244249,-0.20267110194329388,-0.7593490717402405,0.4317526052881903,-0.6121160590735656,-0.3071197544013767,-0.035436593552019155,-0.5448454314042755,1,1,0,0,0,0,0,0,1,0,0,0,0
La Norma,0.9023294769182034,0.6823756373301793,0.7105180008985946,-1.1830978566525745,-0.3640575631570618,0.07666301567028906,-0.3933928610833739,-0.20267110194329388,-0.48219513333170244,-0.3595071494232341,-0.4606307129141358,-0.4680253204886583,-0.4811128505727399,-0.2371305353829181,1,0,0,0,1,0,0,0,0,0,0,0,0
Pal-​Arinsal-La Massana-Vallnord-,-0.7504229640677959,0.38214341047998074,-1.2961351710606557,-0.4451656341980875,-0.1046350783181707,-0.3045800892846616,-0.2255127997629082,-0.22019941346271388,0.07211274348537365,0.194374678874763,-0.006174674435846377,0.11123471742555552,0.04179602853425203,0.17804035607446897,1,0,1,0,0,0,0,0,0,0,0,0,0
Arabba,0.5277055902947103,1.3128633137155963,-0.26308038994089356,0.661732699483643,-0.08610490082967849,-0.34471094243781436,-0.2255127997629082,-0.2289635692224239,-0.7593490717402405,0.5108785807593328,-0.006174674435846377,-0.14621418831409508,0.18435430569602135,0.9693072315579596,1,0,0,0,0,0,1,0,0,0,0,0,0
Wildkogel-Neukirchen-​Bramberg,0.07595325642520379,-0.6436500312581976,0.580457147160495,0.20052506044958862,-0.16022561078364736,-0.2845146627080853,-0.16955277932275295,-0.2289635692224239,0.07211274348537365,-0.4386331248943765,0.14531067172358345,-0.11403307509663874,-0.1753488780447278,0.2732854429382225,1,1,0,1,0,0,0,0,0,0,0,0,0
Hintertux Glacier,1.5909763273290365,1.0576659208929275,1.3608222695890924,0.9384572829040756,-0.4196480956225384,-0.08386039694232177,-0.05763273844244249,-0.2464918807418439,-0.2743296795252989,-0.2803811739520916,0.29679601788301324,-0.1783953015315514,0.07328767898897423,0.09012181435408112,1,0,0,1,0,0,0,0,0,0,0,0,0
Disentis 3000,1.0166448540864017,0.37463760480872577,1.093268513327859,0.661732699483643,-0.3084670306915851,-0.18418752982520353,-0.11359275888259773,-0.2464918807418439,-0.3436181641274334,-0.517759100365519,-0.4606307129141358,-0.4680253204886583,-0.5309963189238839,-0.5350767045464546,1,0,0,0,0,0,0,0,0,0,0,0,1
Belalp-Blatten,1.4091735588205767,0.6123214510651329,1.4462908306169864,0.661732699483643,-0.3084670306915851,-0.38484179559096704,0.44600744551895466,-0.2464918807418439,-0.41290664872956795,-0.517759100365519,-0.309145366754706,-0.4680253204886583,-0.47352188799756584,-0.5448454314042755,1,0,0,0,0,0,0,0,0,0,0,0,1
San Martino di Castrozza,0.3610530524952887,0.8174801394127686,-0.12001345082898403,0.20052506044958862,-0.38258774064555395,-0.14405667667205083,-0.0016727180022872532,-0.2464918807418439,-0.48219513333170244,0.3526266298170479,-0.1576600205952762,-0.11403307509663874,-0.12175668226399874,-0.17851817423599287,1,1,0,0,0,0,1,0,0,0,0,0,0
Meiringen-Hasliberg,-1.4321833459745206,-1.1940757804835616,-1.0453035245657494,0.7539742272904539,-0.3084670306915851,-0.10392582351889812,-0.33743284064321866,-0.2464918807418439,-0.5514836179338369,-0.4386331248943765,0.14531067172358345,-0.4036630940537456,-0.41407380680170247,-0.3616818028201342,0,1,0,0,0,0,0,0,0,0,0,0,1
Toggenburg-Wildhaus-​Unterwasser-​Alt St. Johann,0.2302101509172304,-0.4434952133580653,0.6399135374407691,0.9384572829040756,-0.49376880557650726,0.11679386882344177,-0.3933928610833739,-0.2464918807418439,0.2799781972917772,-0.517759100365519,-0.006174674435846377,-0.08185196187918242,-0.3365375462124243,-0.41052543710923856,1,1,0,0,0,0,0,0,0,0,0,0,1
Alpe di Siusi-Seiser Alm-,-0.5865250136700176,-0.19330169098289982,-0.6476889145664165,1.1229403385176975,-0.4196480956225384,0.11679386882344177,-0.6172329428439949,-0.2464918807418439,-0.3436181641274334,0.4317526052881903,-0.1576600205952762,-0.017489735444269777,0.0032773155813686787,-0.3738927113924103,1,0,0,0,0,0,1,0,0,0,0,0,0
Le Lioran,-0.33723485382129603,0.20700794481736493,-0.6086706584449867,-0.9986148010389528,-0.12316525580666292,-0.38484179559096704,-0.11359275888259773,-0.2464918807418439,-0.06646422571889538,-0.12212922300980676,-0.4606307129141358,-0.1783953015315514,-0.22291168069431855,0.04372036177943198,1,1,0,0,1,0,0,0,0,0,0,0,0
Saint Luc-​Chandolin-Anniviers-,1.2810852446441616,1.445465880574434,0.6547776350108376,0.4772496438700212,-0.3084670306915851,-0.18418752982520353,-0.11359275888259773,-0.2464918807418439,-0.2050411949231644,-0.517759100365519,-0.4606307129141358,-0.4036630940537456,-0.5448769362042022,-0.2908585331009329,1,0,0,0,0,0,0,0,0,0,0,0,1
Les Karellis,0.5855519257292202,1.307859443268093,-0.18132785330551668,-1.3675809122661964,-0.1972859657606318,-0.2845146627080853,-0.16955277932275295,-0.2464918807418439,-0.2743296795252989,-0.2803811739520916,-0.6121160590735656,-0.3714819808362893,-0.3908454613216698,-0.3055116233876642,1,0,0,0,1,0,0,0,0,0,0,0,0
Peyragudes,0.4202766816306203,1.307859443268093,-0.4042893168565445,-0.1684410507776549,-0.12316525580666292,-0.26444923613150895,-0.44935288152352915,-0.2464918807418439,-0.41290664872956795,-0.043003247538664316,-0.6121160590735656,-0.339300867618833,-0.27505074935351426,0.01685636292042458,1,0,0,0,1,0,0,0,0,0,0,0,0
Leysin,0.15170440997039542,0.43218211495501385,-0.1162974264364669,0.2927665882563995,0.1177270515437359,-0.48516892847384885,-0.5612729224038396,-0.2464918807418439,-0.41290664872956795,-0.2012551984809492,-0.4606307129141358,-0.3714819808362893,-0.4878362745678941,-0.36900834796349985,1,0,0,0,0,0,0,0,0,0,0,0,1
Ponte di Legno-Passo ​Tonale-​Presena Glacier-​Temù-Pontedilegno-Tonale-,1.2686896013367666,0.10943247109105038,1.6302340380465843,0.016042004835966853,-0.49376880557650726,0.016466735940560005,-0.16955277932275295,-0.2552560365015539,-0.48219513333170244,0.74825650717276,-0.006174674435846377,0.07905360420809919,0.311275199952932,-0.5448454314042755,1,1,0,0,0,0,1,0,0,0,0,0,0
Eggli-​La Videmanette-Gstaad-​Saanen-​Rougemont,0.07733055012602545,-0.21331717277291307,0.2627370616002804,1.1229403385176975,-0.030514368364201835,-0.4450380753206961,-0.3933928610833739,-0.2640201922612639,-0.41290664872956795,-0.4386331248943765,0.14531067172358345,-0.339300867618833,-0.4361526636632088,-0.5448454314042755,0,0,0,0,0,0,0,0,0,0,0,0,1
Anzère,0.44782255564705364,1.0576659208929275,-0.18132785330551668,0.3850081160632104,-0.45670845059952286,-0.04372954378916905,-0.16955277932275295,-0.2640201922612639,-0.2743296795252989,-0.517759100365519,-0.4606307129141358,-0.435844207271202,-0.49907089917915176,-0.2517836256696494,1,0,0,0,0,0,0,0,0,0,0,0,1
Borovets,0.6406436737620869,0.5572788761425965,0.45039629342239546,-1.2753393844593854,-0.23434632073761624,-0.20425295640177987,-0.3933928610833739,-0.2640201922612639,-0.41290664872956795,-0.4386331248943765,-0.309145366754706,-0.435844207271202,-0.4266748046764915,-0.15409635709144068,1,1,0,0,0,0,0,0,1,0,0,0,0
Font-Romeu-​Bolquère Pyrénées 2000,0.16272275957696875,1.4329562044556756,-0.8446382073698244,-0.35292410639127664,-0.12316525580666292,-0.40490722216754343,-0.16955277932275295,-0.2640201922612639,0.07211274348537365,-0.12212922300980676,-0.4606307129141358,-0.11403307509663874,-0.17556576268973276,0.7617217858292661,1,0,0,0,1,0,0,0,0,0,0,0,0
Oppdal,-1.0947463892732123,-1.2316048088398366,-0.5622203535385225,0.20052506044958862,0.062136519078259254,-0.6456923410864597,-0.16955277932275295,-0.2815485037806839,-0.8979260409445096,-0.7551370267789462,-0.6121160590735656,-0.8541986790981342,-0.7693525437843501,-0.5448454314042755,0,0,0,0,0,0,0,1,0,0,0,0,0
Brévent-​Flégère-Chamonix-,0.5924383942333286,-0.11824363427035019,0.8870291595431583,0.8462157550972648,-0.47523862808801504,-0.2845146627080853,0.44600744551895466,-0.2815485037806839,-0.5514836179338369,-0.12212922300980676,0.14531067172358345,-0.27493864118392036,-0.18953313382805306,-0.5448454314042755,1,0,0,0,1,0,0,0,0,0,0,0,0
Les Houches-​Saint-Gervais-Prarion-​Bellevue-Chamonix-,-1.5079344995197124,-1.2341067440635882,-1.1177660002198335,0.10828353264277774,-0.21581614324912402,-0.2845146627080853,-0.3933928610833739,-0.2903126595403939,-0.6207721025359715,-0.12212922300980676,-0.1576600205952762,-0.3714819808362893,-0.33864132726897256,-0.22003526338173157,1,0,0,0,1,0,0,0,0,0,0,0,0
Ylläs,-1.896331323151422,-2.1948498699842234,-0.9282487562014599,0.016042004835966853,-0.28993685320309287,-0.22431838297835624,-0.33743284064321866,-0.2903126595403939,0.9035745587109878,-0.6760110513078038,-0.4606307129141358,0.04687249099064287,-0.15591601385228213,-0.45692688968388767,1,1,0,0,0,0,0,0,1,0,0,0,0
Belvedere-​Col Rodella-​Ciampac-​Buffaure-Canazei-​Campitello-​Alba-​Pozza di Fassa,0.458840905253627,0.6073175806176296,0.16797843959109357,0.5694911716768322,-0.5493593380419839,0.016466735940560005,-0.2814728202030634,-0.2903126595403939,-0.2050411949231644,0.6691305317016176,0.9027374025207325,0.3686836231652061,0.4498861765756108,-0.5448454314042755,1,1,0,0,0,0,1,0,0,0,0,0,0
Lauchernalp-Lötschental,1.399532502914825,0.8550091677690435,1.2530575622060955,0.5694911716768322,-0.3084670306915851,-0.4450380753206961,0.33408740463864417,-0.2903126595403939,-0.828637556342375,-0.5968850758366614,-0.309145366754706,-0.6932931130108525,-0.621870985180968,-0.4764643433995294,1,0,0,0,0,0,0,0,0,0,0,0,1
Grossglockner Heiligenblut,1.2315026714145816,0.5597808113663482,1.2456255134210614,0.20052506044958862,-0.3084670306915851,-0.10392582351889812,-0.6172329428439949,-0.2903126595403939,-0.41290664872956795,-0.6760110513078038,-0.006174674435846377,-0.4680253204886583,-0.4982467375281328,-0.3983145285369625,0,0,0,1,0,0,0,0,0,0,0,0,0
Brandnertal-Brand-​Bürserberg,-0.13064079869804612,-0.4334874724630587,0.14568229323599077,0.3850081160632104,-0.27140667571460064,-0.18418752982520353,-0.5053129019636844,-0.2903126595403939,-0.5514836179338369,-0.2803811739520916,-0.1576600205952762,-0.4036630940537456,-0.3580741914614182,-0.3445865308189477,1,1,0,1,0,0,0,0,0,0,0,0,0
Alpe du Grand-Serre-La Morte,0.12278124225314044,0.7249085361339574,-0.3727031095201489,-1.3675809122661964,-0.011984190875709618,-0.4450380753206961,-0.5612729224038396,-0.2903126595403939,-0.1357527103210299,-0.517759100365519,-0.6121160590735656,-0.4036630940537456,-0.4768619115306424,-0.5448454314042755,1,0,0,0,1,0,0,0,0,0,0,0,0
Les Angles,0.38722163281090033,1.307859443268093,-0.44888160956675005,-0.35292410639127664,-0.27140667571460064,-0.324645515861238,-0.11359275888259773,-0.2903126595403939,0.07211274348537365,-0.4386331248943765,-0.4606307129141358,-0.24275752796646402,-0.29682596771201364,0.34166653094296856,1,1,0,0,1,0,0,0,0,0,0,0,0
Kopaonik,-0.10722680578407781,-0.05069138322905551,-0.10700736545517407,-1.0908563288457638,-0.12316525580666292,-0.40490722216754343,-0.33743284064321866,-0.2903126595403939,0.002824258883239141,0.2735006543459054,-0.6121160590735656,-0.017489735444269777,-0.009128486112915826,0.2244418086491181,1,1,0,0,0,0,0,0,1,0,0,0,0
Aussois,0.9023294769182034,1.0576659208929275,0.4318161714598098,-1.1830978566525745,-0.12316525580666292,-0.34471094243781436,-0.5053129019636844,-0.2903126595403939,-0.690060587138106,-0.4386331248943765,-0.6121160590735656,-0.6289308865759399,-0.5692113933737603,-0.22736180852509721,1,0,0,0,1,0,0,0,0,0,0,0,0
First-Grindelwald,0.5593833454136086,-0.06820492979531709,0.8052766229077813,1.2151818663245082,-0.12316525580666292,-0.48516892847384885,-0.2255127997629082,-0.30784097105981395,-0.7593490717402405,-0.517759100365519,-0.1576600205952762,-0.5967497733584836,-0.49347527533802343,-0.45204252625497726,1,0,0,0,0,0,0,0,0,0,0,0,1
Sörenberg-Rothorn-​Dorf,0.35141199658953703,0.08191118362978218,0.41323604949722414,0.20052506044958862,-0.12316525580666292,-0.48516892847384885,-0.2255127997629082,-0.30784097105981395,-0.1357527103210299,-0.517759100365519,-0.309145366754706,-0.339300867618833,-0.3154129817889399,-0.5448454314042755,1,1,0,0,0,0,0,0,0,0,0,0,1
Riserva Bianca-Limone Piemonte,-0.04800317664874617,-0.07821267069032371,-0.0066747068572115585,-0.7218902176185201,-0.47523862808801504,-0.08386039694232177,-0.3933928610833739,-0.3166051268195239,-0.6207721025359715,0.11524870340362056,-0.4606307129141358,-0.339300867618833,-0.32137730952657667,-0.5448454314042755,0,0,0,0,0,0,1,0,0,0,0,0,0
Gitschberg Jochtal,-1.0203725294288424,-0.7637429219982771,-0.8093359756409116,0.3850081160632104,-0.3640575631570618,-0.2845146627080853,-0.16955277932275295,-0.3253692825792339,0.002824258883239141,-0.4386331248943765,0.29679601788301324,-0.11403307509663874,-0.2571360776761034,-0.32504907710330594,1,0,0,0,0,0,1,0,0,0,0,0,0
Schilthorn-Mürren-​Lauterbrunnen,1.20533409109897,-0.7036964766282373,2.1486194408027237,1.2151818663245082,-0.3269972081800773,-0.324645515861238,-0.16955277932275295,-0.3253692825792339,-0.7593490717402405,-0.2012551984809492,0.29679601788301324,-0.3714819808362893,-0.46892393352346035,-0.45204252625497726,1,0,0,0,0,0,0,0,0,0,0,0,1
Pila,-0.7641959010760125,-1.2691338371961114,-0.08842724349258843,0.016042004835966853,-0.5308291605534917,-0.08386039694232177,-0.33743284064321866,-0.33413343833894393,-0.6207721025359715,-0.12212922300980676,-0.006174674435846377,-0.339300867618833,-0.2888663012403311,0.6274017915342291,1,0,0,0,0,0,1,0,0,0,0,0,0
Brigels-​Waltensburg-​Andiast,0.44506796824541034,0.08191118362978218,0.5395808788428066,0.661732699483643,-0.43817827311103064,-0.12399125009547447,-0.5053129019636844,-0.33413343833894393,-0.3436181641274334,-0.4386331248943765,-0.6121160590735656,-0.4680253204886583,-0.5518172448443613,-0.3006272599587537,1,1,0,0,0,0,0,0,0,0,0,0,1
Aprica,0.24122850052380373,0.21201181526486823,0.16797843959109357,-0.35292410639127664,-0.16022561078364736,-0.5052343550504251,-0.2814728202030634,-0.33413343833894393,-0.2743296795252989,-0.4386331248943765,-0.309145366754706,-0.3714819808362893,-0.4664731370349042,-0.5448454314042755,1,0,0,0,0,0,1,0,0,0,0,0,0
Bormio-Cima Bianca,1.26318042653348,0.3696337343612225,1.4295687208506593,-0.1684410507776549,-0.4196480956225384,-0.10392582351889812,-0.5612729224038396,-0.33413343833894393,-0.41290664872956795,-0.3595071494232341,-0.309145366754706,-0.4036630940537456,-0.38698491464058127,0.04127818006497676,1,1,0,0,0,0,1,0,0,0,0,0,0
Sedrun-Oberalp,0.2825473115484537,1.0576659208929275,-0.4042893168565445,1.0306988107108865,-0.49376880557650726,-0.08386039694232177,-0.3933928610833739,-0.33413343833894393,-0.48219513333170244,-0.3595071494232341,-0.6121160590735656,-0.5002064337061146,-0.5069221233283318,-0.5448454314042755,1,0,0,0,0,0,0,0,0,0,0,0,1
Grosseck-​Speiereck-Mauterndorf-​St. Michael,0.4202766816306203,0.04438215527350736,0.534006842254031,-0.07619952297084402,-0.1972859657606318,-0.4450380753206961,-0.2814728202030634,-0.33413343833894393,-0.5514836179338369,-0.4386331248943765,-0.309145366754706,-0.5002064337061146,-0.4595111399302445,-0.17851817423599287,0,1,0,1,0,0,0,0,0,0,0,0,0
Hirmentaz-​Les Habères-Bellevaux-​Habère-Poche,-0.6677853420184959,-0.3859507032117772,-0.6142446950337623,-1.644305495686629,-0.12316525580666292,-0.4450380753206961,-0.5053129019636844,-0.33413343833894393,0.9035745587109878,-0.2803811739520916,-0.6121160590735656,0.17559694386046817,-0.12997661030968724,-0.5448454314042755,1,0,0,0,1,0,0,0,0,0,0,0,0
Pragelato,0.8334647918771202,0.6448466089739044,0.6454875740295448,0.10828353264277774,-0.4196480956225384,-0.14405667667205083,-0.44935288152352915,-0.33413343833894393,-0.690060587138106,-0.6760110513078038,-0.6121160590735656,-0.7254742262283089,-0.6899727637125297,-0.5448454314042755,0,0,0,0,0,0,1,0,0,0,0,0,0
Porté Puymorens,0.5180645343889586,1.307859443268093,-0.27237045092218637,-1.0908563288457638,-0.28993685320309287,-0.38484179559096704,-0.16955277932275295,-0.33413343833894393,-0.6207721025359715,-0.4386331248943765,-0.6121160590735656,-0.5967497733584836,-0.6092916757706794,-0.3738927113924103,1,0,0,0,1,0,0,0,0,0,0,0,0
Mythenregion,-1.4115239404621958,-1.2616280315248563,-0.9672670123228897,-0.2606825785844658,-0.34552738566856955,-0.16412210324862717,-0.6172329428439949,-0.33413343833894393,-0.2050411949231644,-0.7551370267789462,-0.006174674435846377,-0.4036630940537456,-0.4962513987940871,-0.41052543710923856,1,0,0,0,0,0,0,0,0,0,0,0,1
Candanchú,0.19440051469586708,1.0926930140254507,-0.5492142681647125,-0.07619952297084402,-0.4011179181340462,-0.4249726487441198,0.16620734331817846,-0.33413343833894393,0.3492666818939117,-0.2803811739520916,-0.6121160590735656,-0.08185196187918242,-0.34317421634957657,-0.5448454314042755,0,0,0,0,0,0,0,0,0,0,1,0,0
Zugspitze,-0.13064079869804612,-0.9438822581083962,0.524716781272738,0.2927665882563995,-0.5493593380419839,-0.5252997816270015,-0.6731929632841501,-0.5970581111302441,-0.690060587138106,-0.5968850758366614,-0.006174674435846377,-0.5645686601410272,-0.48414923560280954,-0.5448454314042755,0,0,0,0,0,1,0,0,0,0,0,0,0
Lindvallen-​Högfjället-Sälen-,-1.6635686877125606,-1.2466164201823464,-1.3184313174157585,-0.07619952297084402,-0.27140667571460064,-0.4450380753206961,-0.5053129019636844,-0.404246684416624,2.4279212199579474,-0.4386331248943765,-0.6121160590735656,0.8192192082095946,0.32602335581327024,-0.5448454314042755,1,1,0,0,0,0,0,0,0,0,0,1,0
Jasná Nízke Tatry-Chopok,-0.12513162389475946,-0.33591199873674416,0.08065186636694101,-0.2606825785844658,-0.3269972081800773,-0.4450380753206961,-0.2814728202030634,-0.38671837289720395,0.3492666818939117,-0.12212922300980676,0.14531067172358345,0.14341583064301183,-0.005376381754329778,0.7421843321136243,1,1,0,0,0,0,0,0,0,1,0,0,0
Tandådalen-​Hundfjället-Sälen-,-1.6842280932248856,-1.264129966748608,-1.3332954149858272,-0.07619952297084402,-0.34552738566856955,-0.48516892847384885,-0.0016727180022872532,-0.37795421713749394,1.9429018277430057,-0.4386331248943765,-0.6121160590735656,0.5939514156874004,0.15535682865885633,-0.5448454314042755,1,1,0,0,0,0,0,0,0,0,0,1,0
Sheregesh-Kemerovo,-1.1360652002978624,-1.018940314820946,-0.7758917561082576,0.10828353264277774,-0.6790705804614294,-0.7861503271224941,-0.6731929632841501,-0.7723412263244442,-0.7593490717402405,-0.3595071494232341,-0.006174674435846377,-0.5002064337061146,-0.33734001939894276,-0.5448454314042755,0,0,0,0,0,0,0,0,1,0,0,0,0
Gazprom Mountain Resort-Laura-– Esto-Sadok-Sotschi-,-1.5781764782616172,-1.3266783473423993,-1.1437781709674535,-0.9063732732321419,-0.5493593380419839,-0.5854960613567306,-0.5612729224038396,-0.5970581111302441,-0.5514836179338369,-0.2803811739520916,0.29679601788301324,-0.3071197544013767,-0.16480828429748606,-0.5448454314042755,0,1,0,0,0,0,0,0,1,0,0,0,0
Steinplatte-​Winklmoosalm-Waidring-​Reit im Winkl,-0.3234619168130794,-0.84380484915833,0.19027458594619634,0.3850081160632104,-0.34552738566856955,-0.34471094243781436,-0.5612729224038396,-0.404246684416624,-0.7593490717402405,-0.043003247538664316,-0.309145366754706,-0.435844207271202,-0.07662298763846369,-0.28353198795756723,1,0,0,1,0,0,0,0,0,0,0,0,0
Rigi,-1.0740869837608875,-1.596887351507578,-0.26308038994089356,0.20052506044958862,-0.6049498705074606,-0.7058886208161887,-0.6731929632841501,-0.6934638244870541,-0.690060587138106,-0.7551370267789462,-0.1576600205952762,-0.6611119997933962,-0.6283775245311172,-0.5448454314042755,0,0,0,0,0,0,0,0,0,0,0,0,1
Métabief,-0.9294711451746125,-0.19330169098289982,-1.1103339514347992,-1.4598224400730073,-0.3269972081800773,-0.4249726487441198,-0.5612729224038396,-0.421774995936044,0.41855516649604624,-0.12212922300980676,-0.6121160590735656,0.014691377773186548,-0.23267148971954238,-0.5448454314042755,0,0,0,0,1,0,0,0,0,0,0,0,0
Latemar-Obereggen-​Pampeago-​Predazzo,-0.7641959010760125,-0.06820492979531709,-0.9802730976966997,0.4772496438700212,-0.5122989830649995,-0.14405667667205083,-0.2814728202030634,-0.35166174985836396,-0.5514836179338369,0.2735006543459054,-0.1576600205952762,-0.1783953015315514,0.023143949063824283,-0.05640908851323196,1,1,0,0,0,0,1,0,0,0,0,0,0
Mariborsko Pohorje-Maribor,-1.0575594593510274,-1.8821079670152667,-0.02897085321231434,-0.9986148010389528,-0.25287649822610847,-0.5252997816270015,-0.3933928610833739,-0.413010840176334,0.14140122808750816,-0.3595071494232341,-0.4606307129141358,-0.1783953015315514,-0.26106168975069344,-0.3201647136743955,0,1,0,0,0,0,0,0,1,0,0,0,0
Praz de Lys-​Sommand-Taninges-​Mieussy-,-0.17746878452598278,0.4071627627174973,-0.5417822193796783,-1.1830978566525745,-0.27140667571460064,-0.46510350189727245,-0.33743284064321866,-0.37795421713749394,0.2799781972917772,-0.2803811739520916,-0.6121160590735656,-0.11403307509663874,-0.2010063315488162,-0.3983145285369625,1,0,0,0,1,0,0,0,0,0,0,0,0
Espace Dôle-La Dôle-​Les Tuffes,-0.5741293703626227,0.14946343467107687,-0.8855144756875128,-1.3675809122661964,-0.3640575631570618,-0.6256269145098833,-0.5612729224038396,-0.5269448650525641,0.2799781972917772,-0.517759100365519,-0.6121160590735656,-0.2105764147490077,-0.34903010176471083,-0.5448454314042755,1,0,0,0,1,0,0,0,0,0,0,0,0
Kreischberg,0.031879857998910466,-0.5235571405181182,0.4318161714598098,0.20052506044958862,-0.3640575631570618,-0.46510350189727245,-0.16955277932275295,-0.404246684416624,-0.48219513333170244,-0.4386331248943765,-0.1576600205952762,-0.435844207271202,-0.36143590345899534,-0.27620544281420156,1,0,0,1,0,0,0,0,0,0,0,0,0
Garmisch-Classic-Garmisch-Partenkirchen,-0.06177611365696283,-0.8638203309483432,0.5581610008053922,0.10828353264277774,-0.45670845059952286,-0.4249726487441198,-0.11359275888259773,-0.421774995936044,-0.2050411949231644,-0.4386331248943765,-0.006174674435846377,-0.27493864118392036,-0.3119428274688603,-0.5448454314042755,1,0,0,0,0,1,0,0,0,0,0,0,0
Aiguille du Midi-Chamonix-,2.406334198215463,-0.10573395815159191,3.3247411610343955,1.6763895053585627,-0.6790705804614294,-0.7861503271224941,-0.6731929632841501,-0.7723412263244442,-0.967214525546644,-0.7551370267789462,0.14531067172358345,-0.7254742262283089,-0.6648141448919528,-0.5448454314042755,0,0,0,0,1,0,0,0,0,0,0,0,0
Carezza Ski,0.33350717847885536,0.3070853537674311,0.22186079328259195,-0.07619952297084402,-0.28993685320309287,-0.5052343550504251,-0.5053129019636844,-0.421774995936044,-0.06646422571889538,-0.3595071494232341,-0.309145366754706,-0.24275752796646402,-0.35293402537480034,-0.11746363137461241,1,0,0,0,0,0,1,0,0,0,0,0,0
Pizol-Bad Ragaz-​Wangs,-2.182808412922329,-1.4692886550962436,-1.8535388299382254,0.8462157550972648,-0.4196480956225384,-0.3647763690143907,-0.2255127997629082,-0.39548252865691397,-0.6207721025359715,-0.4386331248943765,-0.309145366754706,-0.5323875469235709,-0.4920438366809906,-0.393430165108052,1,1,0,0,0,0,0,0,0,0,0,0,1
SuperBesse-Puy de Sancy,-0.33723485382129603,0.5572788761425965,-0.8687923659211858,-0.9063732732321419,-0.12316525580666292,-0.605561487933307,-0.44935288152352915,-0.39548252865691397,0.14140122808750816,-0.3595071494232341,-0.4606307129141358,-0.1783953015315514,-0.3085811154712832,0.1853669012178346,1,1,0,0,1,0,0,0,0,0,0,0,0
Stöten,-1.7420744286593954,-1.5868796106125713,-1.1716483539113318,-0.07619952297084402,-0.1972859657606318,-0.725954047392765,-0.5053129019636844,-0.49188824201372405,0.21068971268964268,-0.5968850758366614,-0.6121160590735656,-0.27493864118392036,-0.3518496021497755,-0.5448454314042755,0,0,0,0,0,0,0,0,0,0,0,1,0
Fellhorn-​Kanzelwand-Oberstdorf-​Riezlern,-0.17609149082516112,-0.3934565088830322,0.05463969561932109,0.2927665882563995,-0.43817827311103064,-0.40490722216754343,-0.5612729224038396,-0.474359930494304,-0.48219513333170244,-0.2803811739520916,-0.006174674435846377,-0.339300867618833,-0.2905580014713699,-0.27620544281420156,1,1,0,1,0,0,0,0,0,0,0,0,0
Idre Fjäll,-1.6594368066100955,-1.2240990031685814,-1.32957939059331,-0.1684410507776549,-0.3640575631570618,-0.34471094243781436,-0.5612729224038396,-0.413010840176334,0.48784365109818073,-0.4386331248943765,-0.6121160590735656,-0.08185196187918242,-0.2323461627520349,-0.5448454314042755,1,1,0,0,0,0,0,0,0,0,0,1,0
Großglockner Resort Kals-Matrei,0.45057714304869695,-0.36093135097426066,0.8758810863656069,0.4772496438700212,-0.5308291605534917,-0.34471094243781436,-0.33743284064321866,-0.448067463215174,-0.3436181641274334,-0.3595071494232341,-0.1576600205952762,-0.339300867618833,-0.37297416657325994,-0.5448454314042755,1,0,0,1,0,0,0,0,0,0,0,0,0
Pamporovo,-0.23256053255884943,1.357898147743126,-1.3221473418082756,-1.2753393844593854,-0.3640575631570618,-0.665757767663036,-0.3933928610833739,-0.5181807092928541,-0.5514836179338369,-0.2012551984809492,-0.6121160590735656,-0.4680253204886583,-0.45994490922025444,-0.22736180852509721,1,1,0,0,0,0,0,0,1,0,0,0,0
Abetone-​Val di Luce,-0.2793885183867861,0.4071627627174973,-0.6792751219028121,-1.0908563288457638,-0.4196480956225384,-0.22431838297835624,-0.6172329428439949,-0.38671837289720395,-0.5514836179338369,0.03612272793247812,-0.4606307129141358,-0.339300867618833,-0.24761484176038506,-0.27620544281420156,1,0,0,0,0,0,1,0,0,0,0,0,0
Gerlitzen,-1.5079344995197124,-1.394230598383694,-0.9988532196592853,0.2927665882563995,-0.49376880557650726,-0.24438380955493258,-0.5053129019636844,-0.413010840176334,-0.2743296795252989,-0.2012551984809492,-0.4606307129141358,-0.3071197544013767,-0.28743486258329826,-0.2517836256696494,1,0,0,1,0,0,0,0,0,0,0,0,0
Paganella-Andalo,0.04152091390466213,-0.11824363427035019,0.14382428103973222,-0.1684410507776549,-0.5122989830649995,-0.34471094243781436,-0.6172329428439949,-0.48312408625401404,-0.690060587138106,0.194374678874763,-0.309145366754706,-0.3071197544013767,-0.24891614963041492,-0.5448454314042755,1,1,0,0,0,0,1,0,0,0,0,0,0
Melchsee-Frutt-Kerns-,0.22056909501147873,0.006853126917232545,0.2924652567404174,0.20052506044958862,-0.3084670306915851,-0.665757767663036,-0.11359275888259773,-0.456831618974884,-0.6207721025359715,-0.4386331248943765,-0.309145366754706,-0.5323875469235709,-0.46246077110231215,-0.27620544281420156,1,1,0,0,0,0,0,0,0,0,0,0,1
Vall de Núria,-0.1802233719276261,-0.4134719906730454,0.06392975660061391,-1.0908563288457638,-0.6049498705074606,-0.7460194739693414,-0.6172329428439949,-0.7109921360064742,-0.7593490717402405,-0.6760110513078038,-0.309145366754706,-0.6932931130108525,-0.6643803756019429,-0.5448454314042755,0,0,0,0,0,0,0,0,0,0,1,0,0
Arêches-Beaufort-,0.2825473115484537,-0.06820492979531709,0.4318161714598098,-1.1830978566525745,-0.4011179181340462,-0.38484179559096704,0.16620734331817846,-0.33413343833894393,-0.3436181641274334,-0.3595071494232341,-0.6121160590735656,-0.435844207271202,-0.455693970178157,-0.4349472542537907,1,0,0,0,1,0,0,0,0,0,0,0,0
Špindlerův Mlýn,-1.1842704798266208,-0.9388783876608929,-0.9003785732575814,-0.7218902176185201,-0.5308291605534917,-0.5252997816270015,-0.5612729224038396,-0.562001488091404,0.21068971268964268,-0.2803811739520916,-0.6121160590735656,-0.14621418831409508,-0.30005754892258774,-0.5448454314042755,1,1,0,0,0,0,0,0,1,0,0,0,0
Les Mosses-​La Lécherette,-0.3096889798048627,0.9200594835865865,-1.1010438904535065,-0.9986148010389528,-0.49376880557650726,-0.18418752982520353,-0.6731929632841501,-0.421774995936044,0.002824258883239141,-0.7551370267789462,-0.6121160590735656,-0.435844207271202,-0.5407561279491077,-0.5448454314042755,0,0,0,0,0,0,0,0,0,0,0,0,1
Cimone-Montecreto-​Sestola-​Le Polle,-0.1636958475177661,-0.4434952133580653,0.10852204931081948,-0.6296486898117093,-0.4011179181340462,-0.2845146627080853,-0.11359275888259773,-0.33413343833894393,-0.5514836179338369,0.2735006543459054,-0.4606307129141358,-0.24275752796646402,-0.25433826575553925,-0.5448454314042755,1,0,0,0,0,0,1,0,0,0,0,0,0
Luchon Superbagnères,-0.9019252711581792,-1.1065080476522537,-0.39499925587525164,-0.7218902176185201,-0.38258774064555395,-0.5854960613567306,-0.33743284064321866,-0.49188824201372405,-0.48219513333170244,-0.3595071494232341,-0.4606307129141358,-0.4680253204886583,-0.4230962080339094,-0.10525272280233632,1,0,0,0,1,0,0,0,0,0,0,0,0
Lélex-​Crozet,-1.6456638696018788,-1.0939983715334956,-1.4076159028361697,-1.2753393844593854,-0.38258774064555395,-0.6456923410864597,-0.44935288152352915,-0.5269448650525641,0.07211274348537365,-0.5968850758366614,-0.309145366754706,-0.27493864118392036,-0.40607076340101894,-0.2517836256696494,1,0,0,0,1,0,0,0,0,0,0,0,0
Alpika Service,0.18338216508929375,-1.3567015700274192,1.2549155744023541,-1.8287885513002506,-0.49376880557650726,-0.5854960613567306,-0.3933928610833739,-0.553237332331694,-0.8979260409445096,-0.6760110513078038,0.44828136404244306,-0.5967497733584836,-0.3763575670353375,-0.5448454314042755,0,0,0,0,0,0,0,0,1,0,0,0,0
Sinaia,-1.6732097436183122,-0.6086229381256745,-1.8052305128355026,-0.9063732732321419,-0.6234800479959528,-0.5654306347801542,-0.44935288152352915,-0.5970581111302441,-0.828637556342375,-0.517759100365519,-0.006174674435846377,-0.5967497733584836,-0.5554175299514439,-0.5448454314042755,0,0,0,0,0,0,0,0,1,0,0,0,0
Gourette-Eaux Bonnes-,0.4891413666717036,0.6823756373301793,0.15311434202102503,-0.35292410639127664,-0.34552738566856955,-0.5252997816270015,-0.44935288152352915,-0.465595774734594,-0.690060587138106,-0.3595071494232341,-0.1576600205952762,-0.5002064337061146,-0.34295733170457154,-0.15898072052035112,1,0,0,0,1,0,0,0,0,0,0,0,0
Rauriser Hochalmbahnen-Rauris,0.11038559894574544,-0.34341780440799907,0.40394598851593133,0.10828353264277774,-0.4011179181340462,-0.5453652082035779,-0.3933928610833739,-0.49188824201372405,-0.5514836179338369,-0.6760110513078038,-0.1576600205952762,-0.5645686601410272,-0.5106742276869178,-0.45936907139834293,1,0,0,1,0,0,0,0,0,0,0,0,0
Hoch-Ybrig-Unteriberg-​Oberiberg,-0.33723485382129603,-0.10573395815159191,-0.376419133912666,0.3850081160632104,-0.4011179181340462,-0.18418752982520353,-0.3933928610833739,-0.33413343833894393,-0.41290664872956795,-0.3595071494232341,-0.4606307129141358,-0.435844207271202,-0.4082396098510687,-0.5448454314042755,1,0,0,0,0,0,0,0,0,0,0,0,1
Meran 2000,-0.6691626357193176,-1.0739828897434822,-0.10514935325891551,-0.2606825785844658,-0.45670845059952286,-0.2845146627080853,-0.5053129019636844,-0.421774995936044,-0.7593490717402405,-0.3595071494232341,-0.309145366754706,-0.5645686601410272,-0.5637892772486359,-0.5448454314042755,1,0,0,0,0,0,1,0,0,0,0,0,0
Nätschen-Andermatt,0.343148234384607,0.9175575483628349,-0.218488097230688,0.20052506044958862,-0.5308291605534917,-0.6858231942396124,-0.2255127997629082,-0.5882939553705341,-0.8979260409445096,-0.4386331248943765,-0.309145366754706,-0.6611119997933962,-0.4743894265775857,-0.5448454314042755,0,0,0,0,0,0,0,0,0,0,0,0,1
Albiez-Montrond,0.1448179414662871,1.0576659208929275,-0.5900905364824011,-1.552063967879818,-0.21581614324912402,-0.6456923410864597,-0.5053129019636844,-0.465595774734594,-0.41290664872956795,-0.3595071494232341,-0.6121160590735656,-0.4680253204886583,-0.5430984821151614,-0.5448454314042755,0,0,0,0,1,0,0,0,0,0,0,0,0
Tarvisio-Monte Lussari,-0.47220963650181935,-0.8087777560258068,-0.0364029019973486,-0.6296486898117093,-0.5122989830649995,-0.5654306347801542,-0.3933928610833739,-0.553237332331694,-0.6207721025359715,-0.12212922300980676,-0.309145366754706,-0.4036630940537456,-0.39297093084271856,-0.5448454314042755,1,1,0,0,0,0,1,0,0,0,0,0,0
Mount Parnassos-Fterolakka-​Kellaria,0.2825473115484537,1.307859443268093,-0.5900905364824011,-1.0908563288457638,-0.34552738566856955,-0.48516892847384885,-0.5053129019636844,-0.456831618974884,-0.3436181641274334,-0.517759100365519,0.14531067172358345,-0.339300867618833,-0.3344554536203766,-0.5448454314042755,0,0,0,0,0,0,0,0,1,0,0,0,0
Moelltal Glacier-Mölltaler Gletscher-,0.018106920990693807,0.3621279286899675,-0.2445002679783079,0.4772496438700212,-0.5864196930189683,-0.6456923410864597,-0.44935288152352915,-0.6233505784093741,-0.828637556342375,-0.3595071494232341,-0.309145366754706,-0.5967497733584836,-0.43079561293158597,-0.4349472542537907,1,0,0,1,0,0,0,0,0,0,0,0,0
Wendelstein-Brannenburg-​Osterhofen,-0.5121511538256477,-0.7162061527469956,-0.1590317069504139,-0.6296486898117093,-0.6790705804614294,-0.6456923410864597,-0.44935288152352915,-0.6759355129676341,-0.828637556342375,-0.7551370267789462,-0.309145366754706,-0.7576553394457652,-0.6988650341577336,-0.5448454314042755,0,0,0,0,0,1,0,0,0,0,0,0,0
Glenshee,-1.6456638696018788,-1.068979019295979,-1.4261960247987553,-0.8141317454253311,-0.23434632073761624,-0.5854960613567306,-0.5612729224038396,-0.456831618974884,0.2799781972917772,-0.517759100365519,-0.6121160590735656,-0.2105764147490077,-0.41680655332876515,-0.5301923411175442,0,0,0,0,0,0,0,0,1,0,0,0,0
Sulden am Ortler-Solda all'Ortles-,1.5909763273290365,2.058440010393589,0.6176173910856664,-0.07619952297084402,-0.3640575631570618,-0.5252997816270015,0.11024732287802322,-0.38671837289720395,-0.690060587138106,-0.2803811739520916,-0.1576600205952762,-0.4680253204886583,-0.4349597981156815,-0.5448454314042755,1,1,0,0,0,0,1,0,0,0,0,0,0
Poiana Brașov,-0.40747683256320105,-0.14076105128411506,-0.44516558517423294,-0.9063732732321419,-0.5864196930189683,-0.7460194739693414,-0.3933928610833739,-0.6584072014482141,-0.6207721025359715,-0.5968850758366614,-0.1576600205952762,-0.5645686601410272,-0.52995527262786,-0.19072908280826895,0,1,0,0,0,0,0,0,1,0,0,0,0
Hinterstoder-Höss,-0.13064079869804612,-1.1940757804835616,0.7105180008985946,0.20052506044958862,-0.45670845059952286,-0.4249726487441198,-0.11359275888259773,-0.421774995936044,0.07211274348537365,-0.5968850758366614,-0.309145366754706,-0.27493864118392036,-0.36889673524716643,0.10721708635526764,1,0,0,1,0,0,0,0,0,0,0,0,0
St. Jean Montclar,0.5580060517127869,0.6823756373301793,0.2460149518339533,-1.2753393844593854,-0.21581614324912402,-0.38484179559096704,-0.3933928610833739,-0.33413343833894393,-0.2743296795252989,-0.4386331248943765,-0.6121160590735656,-0.435844207271202,-0.480462196637725,-0.5448454314042755,0,0,0,0,1,0,0,0,0,0,0,0,0
Port del Comte,0.2963202485566704,1.6706400507120829,-0.8409221829773073,-0.8141317454253311,-0.3084670306915851,-0.48516892847384885,-0.3933928610833739,-0.421774995936044,-0.2050411949231644,-0.3595071494232341,-0.6121160590735656,-0.3714819808362893,-0.4711361569025111,-0.5448454314042755,0,0,0,0,0,0,0,0,0,0,1,0,0
Tänndalen,-1.4555973388884889,-0.8362990434870751,-1.3425854759671199,-0.07619952297084402,-0.3084670306915851,-0.48516892847384885,-0.5053129019636844,-0.439303307455464,0.07211274348537365,-0.5968850758366614,-0.6121160590735656,-0.339300867618833,-0.3514158328597655,-0.5448454314042755,0,0,0,0,0,0,0,0,0,0,0,1,0
Feldberg-Seebuck-​Grafenmatt-​Fahl,-0.8909069215516059,-0.47351843604308513,-0.8502122439586002,-0.6296486898117093,-0.5493593380419839,-0.5052343550504251,-0.3933928610833739,-0.544473176571984,-0.3436181641274334,-0.3595071494232341,-0.6121160590735656,-0.435844207271202,-0.38711504542758424,-0.5448454314042755,1,0,0,0,0,1,0,0,0,0,0,0,0
Pitztal Glacier-Pitztaler Gletscher-,0.8128053863647952,1.6581303745933247,-0.13487754839905255,0.5694911716768322,-0.6234800479959528,-0.46510350189727245,-0.6731929632841501,-0.5970581111302441,-0.7593490717402405,-0.6760110513078038,-0.1576600205952762,-0.6611119997933962,-0.5321891844714113,-0.5448454314042755,1,0,0,1,0,0,0,0,0,0,0,0,0
Tauplitz-Bad Mitterndorf,-1.6511730444051655,-0.6636655130482109,-1.734626049377677,-0.07619952297084402,-0.34552738566856955,-0.4249726487441198,-0.33743284064321866,-0.404246684416624,0.002824258883239141,-0.4386331248943765,-0.4606307129141358,-0.27493864118392036,-0.3675737389126361,-0.21515089995282113,0,0,0,1,0,0,0,0,0,0,0,0,0
Hochoetz-Oetz,-0.9432440821828292,-0.6436500312581976,-0.7944718780708432,-0.4451656341980875,-0.45670845059952286,-0.3647763690143907,-0.5053129019636844,-0.456831618974884,-0.48219513333170244,-0.2803811739520916,-0.309145366754706,-0.4036630940537456,-0.3914961152566847,-0.32749125881776114,1,0,0,1,0,0,0,0,0,0,0,0,0
Rosshütte-Seefeld,-0.042494001845459504,0.38214341047998074,-0.3411169021837533,0.20052506044958862,-0.49376880557650726,-0.605561487933307,-0.6172329428439949,-0.5970581111302441,-0.41290664872956795,-0.517759100365519,-0.309145366754706,-0.4680253204886583,-0.501218057164701,-0.036871634797590216,1,1,0,1,0,0,0,0,0,0,0,0,0
Malbun,-0.13064079869804612,1.307859443268093,-1.1474941953599704,0.016042004835966853,-0.47523862808801504,-0.605561487933307,-0.5053129019636844,-0.5707656438511141,-0.5514836179338369,-0.517759100365519,-0.6121160590735656,-0.5967497733584836,-0.5784940561799732,-0.505770523972992,1,0,0,0,0,0,0,0,1,0,0,0,0
Špičák,-1.2297211719537358,-0.5585842336506414,-1.244110829565416,-1.73654702349344,-0.6234800479959528,-0.725954047392765,-0.6731929632841501,-0.7022279802467641,-0.2050411949231644,-0.6760110513078038,-0.6121160590735656,-0.5002064337061146,-0.6090747911256744,-0.471579979970619,1,1,0,0,0,0,0,0,1,0,0,0,0
Riesneralm-Donnersbachwald,-0.37855366484594605,-0.31839845217048257,-0.27422846311844495,-0.1684410507776549,-0.4011179181340462,-0.5453652082035779,-0.5053129019636844,-0.5094165535331441,-0.6207721025359715,-0.517759100365519,-0.6121160590735656,-0.6289308865759399,-0.6201359080209281,-0.2102665365239107,0,0,0,1,0,0,0,0,0,0,0,0,0
Berwang-​Bichlbach-​Rinnen,-0.48460527980921436,-0.025672030991538964,-0.6346828291926065,0.016042004835966853,-0.23434632073761624,-0.5854960613567306,-0.6172329428439949,-0.456831618974884,-0.2050411949231644,-0.517759100365519,-0.4606307129141358,-0.4036630940537456,-0.4305136628930795,-0.22736180852509721,0,1,0,1,0,0,0,0,0,0,0,0,0
Glungezer-Tulfes,0.28805648635174036,-0.31839845217048257,0.6250494398707006,-1.0908563288457638,-0.5493593380419839,-0.48516892847384885,-0.6731929632841501,-0.5707656438511141,-0.5514836179338369,-0.5968850758366614,-0.6121160590735656,-0.6289308865759399,-0.6150174303988107,-0.5399610679753651,1,0,0,1,0,0,0,0,0,0,0,0,0
Fanningberg,0.02774797689644547,1.0501601152216724,-0.7424475365756034,-0.07619952297084402,-0.47523862808801504,-0.6858231942396124,-0.2814728202030634,-0.562001488091404,-0.690060587138106,-0.5968850758366614,-0.6121160590735656,-0.6932931130108525,-0.6140197610317879,-0.45692688968388767,1,0,0,1,0,0,0,0,0,0,0,0,0
Turracher Höhe,0.15170440997039542,0.807472398517762,-0.39499925587525164,0.2927665882563995,-0.4196480956225384,-0.3045800892846616,-0.5053129019636844,-0.404246684416624,-0.1357527103210299,-0.3595071494232341,-0.4606307129141358,-0.3071197544013767,-0.37314767428926393,-0.0075654542241275985,1,1,0,1,0,0,0,0,0,0,0,0,0
Indoor ski area Snow Arena-Druskininkai,-2.660729327107447,-2.4525491980306438,-1.7680702689103314,-1.1830978566525745,-0.6605404029729373,-0.7861503271224941,-0.6731929632841501,-0.7635770705647342,-0.690060587138106,-0.6760110513078038,-0.6121160590735656,-0.7254742262283089,-0.7086248431829575,-0.505770523972992,1,1,0,0,0,0,0,0,1,0,0,0,0
Niedere-Andelsbuch-​Bezau,-0.523169503432221,-1.0564693431772207,0.07879385417068244,-0.9986148010389528,-0.5864196930189683,-0.7058886208161887,-0.6172329428439949,-0.6846996687273441,-0.6207721025359715,-0.5968850758366614,-0.4606307129141358,-0.6289308865759399,-0.6382891528078445,-0.5399610679753651,0,0,0,1,0,0,0,0,0,0,0,0,0
Wurzeralm-Spital am Pyhrn,-0.3096889798048627,-0.6686693834957141,0.07879385417068244,-0.07619952297084402,-0.49376880557650726,-0.5854960613567306,-0.5612729224038396,-0.5795297996108241,-0.6207721025359715,-0.5968850758366614,-0.4606307129141358,-0.6289308865759399,-0.5731153169838498,-0.40564107368032815,0,0,0,1,0,0,0,0,0,0,0,0,0
Präbichl-Vordernberg,-0.6705399294201393,0.05689183139226564,-0.9468288781640455,-0.4451656341980875,-0.5678895155304762,-0.5654306347801542,-0.5053129019636844,-0.5970581111302441,-0.690060587138106,-0.5968850758366614,-0.6121160590735656,-0.6932931130108525,-0.6256881549330555,-0.32504907710330594,1,0,0,1,0,0,0,0,0,0,0,0,0
Pfelders-Moos in Passeier-,0.5607606391144303,1.3103613784918446,-0.21663008503442943,-0.8141317454253311,-0.5864196930189683,-0.605561487933307,-0.44935288152352915,-0.6145864226496641,-0.690060587138106,-0.6760110513078038,-0.4606307129141358,-0.6932931130108525,-0.6760921464322114,-0.45936907139834293,1,1,0,0,0,0,1,0,0,0,0,0,0
Mitterdorf-Almberg-– Mitterfirmiansreut,-1.3164906751055008,-0.5911093915594129,-1.337011439378344,-1.73654702349344,-0.642010225484445,-0.7460194739693414,-0.6172329428439949,-0.7197562917661842,-0.3436181641274334,-0.6760110513078038,-0.6121160590735656,-0.5645686601410272,-0.6334526252242335,-0.4691377982561638,0,1,0,0,0,1,0,0,0,0,0,0,0
Lavarone,-0.6126935939856293,0.18198859257984837,-0.961692975734114,-0.5374071620048985,-0.3269972081800773,-0.6858231942396124,-0.5612729224038396,-0.535709020812274,-0.3436181641274334,-0.2803811739520916,-0.6121160590735656,-0.4036630940537456,-0.5082234311983617,-0.3738927113924103,0,0,0,0,0,0,1,0,0,0,0,0,0
Geißkopf-Bischofsmais,-1.348168430224399,-0.6061210029019228,-1.3685976467147398,-1.644305495686629,-0.6605404029729373,-0.6858231942396124,-0.6731929632841501,-0.7022279802467641,-0.41290664872956795,-0.6760110513078038,-0.6121160590735656,-0.5967497733584836,-0.6186177155058933,-0.505770523972992,1,1,0,0,0,1,0,0,0,0,0,0,0
Donovaly-Park Snow-,-1.0107314735230908,-0.40846812022554213,-1.060167622135818,-1.4598224400730073,-0.5864196930189683,-0.6858231942396124,-0.6731929632841501,-0.6759355129676341,0.6264206203024497,-0.6760110513078038,-0.4606307129141358,-0.08185196187918242,-0.47395565728757577,-0.471579979970619,1,1,0,0,0,0,0,0,0,1,0,0,0
Indoor ski area Snow Dome Bispingen,-2.717198368841135,-2.4700627445969054,-1.8312426835831226,-0.4451656341980875,-0.6790705804614294,-0.7861503271224941,-0.6731929632841501,-0.7723412263244442,-0.828637556342375,-0.6760110513078038,-0.6121160590735656,-0.7898364526632216,-0.6888883404875048,-0.515539250830813,1,1,0,0,0,1,0,0,0,0,0,0,0
Sudelfeld-Bayrischzell,-0.7325181459571143,-0.568591974545648,-0.5659363779310397,-0.8141317454253311,-0.5864196930189683,-0.3045800892846616,-0.5053129019636844,-0.49188824201372405,-0.2743296795252989,-0.3595071494232341,-0.6121160590735656,-0.4036630940537456,-0.39030324970915736,-0.3006272599587537,1,0,0,0,0,1,0,0,0,0,0,0,0
Grüntenlifte-Kranzegg-Rettenberg-,-0.5438289089445459,-0.4434952133580653,-0.4042893168565445,-0.9986148010389528,-0.642010225484445,-0.5052343550504251,-0.6731929632841501,-0.6321147341690841,-0.41290664872956795,-0.6760110513078038,-0.6121160590735656,-0.5967497733584836,-0.6084241371906596,-0.515539250830813,1,0,0,0,0,1,0,0,0,0,0,0,0
Grebenzen-St. Lambrecht,-0.3096889798048627,-0.1682823387453833,-0.2928085850810306,-0.7218902176185201,-0.642010225484445,-0.605561487933307,-0.6731929632841501,-0.6671713572079241,-0.5514836179338369,-0.6760110513078038,-0.6121160590735656,-0.6611119997933962,-0.6220878698259729,-0.4837908885428951,0,0,0,1,0,0,0,0,0,0,0,0,0
Kirchdorf,-1.8109391137004789,-1.0939983715334956,-1.6305773663871974,-1.0908563288457638,-0.6234800479959528,-0.7460194739693414,-0.6731929632841501,-0.7285204475258942,-0.7593490717402405,-0.6760110513078038,-0.6121160590735656,-0.7576553394457652,-0.6919247255175744,-0.5301923411175442,0,0,0,1,0,0,0,0,0,0,0,0,0
Nebelhorn-Oberstdorf,0.1778729902860071,-0.6236345494681844,0.7030859521135603,0.20052506044958862,-0.642010225484445,-0.6858231942396124,-0.44935288152352915,-0.6759355129676341,-0.7593490717402405,-0.5968850758366614,-0.1576600205952762,-0.6289308865759399,-0.6394386414263709,-0.471579979970619,0,0,0,0,0,1,0,0,0,0,0,0,0
Lachtal,0.17511840288436376,1.307859443268093,-0.7350154877905691,-0.07619952297084402,-0.5493593380419839,-0.46510350189727245,-0.5612729224038396,-0.553237332331694,-0.41290664872956795,-0.5968850758366614,-0.6121160590735656,-0.5645686601410272,-0.5390210507890679,-0.415409800538149,0,0,0,1,0,0,0,0,0,0,0,0,0
Ramsau am Dachstein-Rittisberg,-0.6319757057971326,-0.10573395815159191,-0.774033743911999,-0.5374071620048985,-0.4196480956225384,-0.5854960613567306,-0.6172329428439949,-0.553237332331694,0.002824258883239141,-0.6760110513078038,-0.6121160590735656,-0.4036630940537456,-0.5347918002114709,-0.44715816282606685,0,0,0,1,0,0,0,0,0,0,0,0,0
Eibenstock,-1.859144393229237,-1.068979019295979,-1.7141879152188328,-2.1977546625274944,-0.6790705804614294,-0.7861503271224941,-0.6731929632841501,-0.7635770705647342,-0.828637556342375,-0.6760110513078038,-0.6121160590735656,-0.7898364526632216,-0.7264093840733653,-0.5253079776886338,1,1,0,0,0,1,0,0,0,0,0,0,0
Bürchen-​Törbel-Moosalp,0.6268707367538703,1.0076272164178943,0.09737397613326809,-0.2606825785844658,-0.5864196930189683,-0.48516892847384885,-0.3933928610833739,-0.553237332331694,-0.41290664872956795,-0.6760110513078038,-0.6121160590735656,-0.5967497733584836,-0.6073397139656347,-0.527750159403089,0,1,0,0,0,0,0,0,0,0,0,0,1
Guzet,0.007088571384120478,0.05689183139226564,-0.03268687760483147,-0.9986148010389528,-0.3084670306915851,-0.5052343550504251,-0.33743284064321866,-0.421774995936044,-0.2050411949231644,-0.4386331248943765,-0.6121160590735656,-0.4036630940537456,-0.5279599338938142,-0.3006272599587537,1,0,0,0,1,0,0,0,0,0,0,0,0
Schetteregg-Egg,-1.0603140467526708,-0.018166225320284002,-1.4169059638174626,-0.9063732732321419,-0.6234800479959528,-0.665757767663036,-0.6172329428439949,-0.6846996687273441,-0.48219513333170244,-0.6760110513078038,-0.6121160590735656,-0.6289308865759399,-0.6252977625720465,-0.5301923411175442,1,0,0,1,0,0,0,0,0,0,0,0,0
Fichtelberg-Oberwiesenthal,-1.211816353843054,-0.4159739258967971,-1.3258633662007928,-1.4598224400730073,-0.5678895155304762,-0.665757767663036,-0.5612729224038396,-0.6408788899287942,-0.5514836179338369,-0.5968850758366614,-0.4606307129141358,-0.5967497733584836,-0.6092049219126775,-0.20049780966608982,1,1,0,0,0,1,0,0,0,0,0,0,0
Bellwald,-0.6815582790267126,0.31709309466243774,-1.1549262441450048,0.2927665882563995,-0.5122989830649995,-0.3647763690143907,-0.33743284064321866,-0.456831618974884,-0.7593490717402405,-0.5968850758366614,-0.4606307129141358,-0.6932931130108525,-0.6691518377920522,-0.4813487068284399,1,0,0,0,0,0,0,0,0,0,0,0,1
Klewenalp-​Stockhütte-Beckenried-​Emmetten,-1.232475759355379,-1.604393157178833,-0.47117775592185285,0.2927665882563995,-0.4011179181340462,-0.2845146627080853,-0.6731929632841501,-0.421774995936044,-0.3436181641274334,-0.517759100365519,-0.309145366754706,-0.435844207271202,-0.4788572502646882,-0.5448454314042755,0,0,0,0,0,0,0,0,0,0,0,0,1
Schöneck-Skiwelt-,-1.838484987716912,-1.1440370760085286,-1.6305773663871974,-2.0132716069138725,-0.6605404029729373,-0.7660849005459178,-0.6731929632841501,-0.7460487590453142,-0.6207721025359715,-0.6760110513078038,-0.6121160590735656,-0.6932931130108525,-0.6755716232841994,-0.505770523972992,1,1,0,0,0,1,0,0,0,0,0,0,0
Indoor ski area SnowWorld Landgraaf,-2.5959965231688287,-2.319946631171806,-1.7792183420878827,0.016042004835966853,-0.6790705804614294,-0.7861503271224941,-0.6731929632841501,-0.7635770705647342,-0.2743296795252989,-0.043003247538664316,-0.6121160590735656,-0.27493864118392036,-0.6559001859822483,-0.5350767045464546,1,1,0,0,0,0,0,0,1,0,0,0,0
Štrbské Pleso,-0.3510077908295127,0.7474259531477223,-1.0285814147994223,-0.6296486898117093,-0.642010225484445,-0.6858231942396124,-0.6731929632841501,-0.7022279802467641,-0.6207721025359715,-0.517759100365519,-0.6121160590735656,-0.6289308865759399,-0.6023513671305203,-0.4178519822526042,1,0,0,0,0,0,0,0,0,1,0,0,0
Gaissau-Hintersee,-0.7270089711538276,-0.8187854969208135,-0.3727031095201489,-0.6296486898117093,-0.25287649822610847,-0.5854960613567306,-0.6731929632841501,-0.474359930494304,-0.5514836179338369,-0.517759100365519,-0.6121160590735656,-0.5967497733584836,-0.5500821676843216,-0.5448454314042755,1,0,0,1,0,0,0,0,0,0,0,0,0
Kellerjoch-Schwaz,-1.7048874987372105,-1.3316822177899026,-1.3109992686307244,-1.1830978566525745,-0.5864196930189683,-0.7460194739693414,-0.5612729224038396,-0.6846996687273441,-0.690060587138106,-0.5968850758366614,-0.6121160590735656,-0.6932931130108525,-0.687240017185467,-0.5326345228319994,0,0,0,1,0,0,0,0,0,0,0,0,0
Hochrindl-Sirnitz,-0.2876522805917161,1.1577433298429936,-1.2478268539579331,-0.9063732732321419,-0.5864196930189683,-0.5654306347801542,-0.5053129019636844,-0.5970581111302441,-0.2050411949231644,-0.6760110513078038,-0.6121160590735656,-0.5002064337061146,-0.6099423297056944,-0.471579979970619,1,1,0,1,0,0,0,0,0,0,0,0,0
La Bresse-Hohneck,-1.025881704232129,-0.5135493996231116,-1.0025692440518024,-1.1830978566525745,-0.43817827311103064,-0.6456923410864597,-0.6172329428439949,-0.5882939553705341,-0.1357527103210299,-0.2803811739520916,-0.6121160590735656,-0.3071197544013767,-0.30272523005614893,0.18780908293228984,0,1,0,0,1,0,0,0,0,0,0,0,0
Silbersattel-Steinach,-1.7255469042495355,-1.2190951327210782,-1.4224800004062381,-2.1055131347206832,-0.642010225484445,-0.7660849005459178,-0.6731929632841501,-0.7372846032856042,-0.7593490717402405,-0.6760110513078038,-0.6121160590735656,-0.7576553394457652,-0.6977806109327088,-0.5301923411175442,1,0,0,0,0,1,0,0,0,0,0,0,0
Lammeralm-Langenwang,-1.1911569483307292,-0.2433403954579329,-1.4261960247987553,-1.1830978566525745,-0.642010225484445,-0.725954047392765,-0.5612729224038396,-0.7022279802467641,-0.828637556342375,-0.2803811739520916,-0.1576600205952762,-0.5323875469235709,-0.7086248431829575,-0.4862330702573503,0,0,0,1,0,0,0,0,0,0,0,0,0
Kitzbüheler Horn,-0.13064079869804612,-0.6936887357332308,0.3389155616468816,-0.1684410507776549,-0.5678895155304762,-0.605561487933307,-0.5612729224038396,-0.6233505784093741,-0.48219513333170244,-0.5968850758366614,-0.6121160590735656,-0.5967497733584836,-0.5500821676843216,-0.41052543710923856,1,0,0,1,0,0,0,0,0,0,0,0,0
Myrkdalen,-1.4252968774704122,-1.5693660640463098,-0.7573116341456718,0.20052506044958862,-0.43817827311103064,-0.5453652082035779,-0.44935288152352915,-0.5094165535331441,-0.828637556342375,-0.4386331248943765,-0.1576600205952762,-0.5967497733584836,-0.5464168171837376,-0.46669561654170855,1,1,0,0,0,0,0,1,0,0,0,0,0
Loser-Altaussee,-0.44741834988702933,-0.568591974545648,-0.18132785330551668,-0.1684410507776549,-0.34552738566856955,-0.5453652082035779,-0.5053129019636844,-0.48312408625401404,-0.7593490717402405,-0.5968850758366614,-0.1576600205952762,-0.6289308865759399,-0.5283069493258222,-0.42273634568151464,1,0,0,1,0,0,0,0,0,0,0,0,0
Christlum-Achenkirch,-0.4060995388623794,-0.31839845217048257,-0.31138870704361626,0.20052506044958862,-0.5678895155304762,-0.46510350189727245,-0.3933928610833739,-0.535709020812274,-0.3436181641274334,-0.4386331248943765,-0.6121160590735656,-0.4680253204886583,-0.49080759420446224,-0.5448454314042755,1,0,0,1,0,0,0,0,0,0,0,0,0
Grasgehren-Bolgengrat,-0.5438289089445459,0.807472398517762,-1.3332954149858272,-1.552063967879818,-0.6234800479959528,-0.6256269145098833,-0.6731929632841501,-0.6759355129676341,-0.6207721025359715,-0.6760110513078038,-0.6121160590735656,-0.6932931130108525,-0.6578738362517936,-0.5204236142597234,1,0,0,0,0,1,0,0,0,0,0,0,0
Götschen-Bischofswiesen,-1.0851053333674607,-0.49353391783309836,-1.0973278660609893,-1.552063967879818,-0.642010225484445,-0.7660849005459178,-0.44935288152352915,-0.7022279802467641,-0.828637556342375,-0.6760110513078038,-0.6121160590735656,-0.7898364526632216,-0.6825986857823606,-0.45936907139834293,0,1,0,0,0,1,0,0,0,0,0,0,0
Torrent-Leukerbad,0.7095083588031702,0.8349936859790302,0.337057549450623,0.3850081160632104,-0.6234800479959528,-0.26444923613150895,0.22216736375833368,-0.36042590561807397,-0.41290664872956795,-0.6760110513078038,0.14531067172358345,-0.435844207271202,-0.5223209331236849,-0.44715816282606685,1,0,0,0,0,0,0,0,0,0,0,0,1
Monte Popolo-Eben im Pongau,-0.6650307546168526,-0.5385687518606281,-0.49718992666947276,-0.5374071620048985,-0.6049498705074606,-0.7460194739693414,-0.6731929632841501,-0.7197562917661842,-0.828637556342375,-0.5968850758366614,-0.6121160590735656,-0.7576553394457652,-0.670670030307087,-0.41052543710923856,1,0,0,1,0,0,0,0,0,0,0,0,0
Jochgrimm-Passo Oclini-,0.2136826265073704,1.9333432492060065,-1.1474941953599704,-2.289996190334305,-0.6049498705074606,-0.7460194739693414,-0.6172329428439949,-0.7109921360064742,-0.967214525546644,-0.517759100365519,0.14531067172358345,-0.6289308865759399,-0.6925753794525894,-0.4960017971151712,0,0,0,0,0,0,1,0,0,0,0,0,0
Alpe Lusia-Moena-​Bellamonte,0.33763905958132034,0.7324143418052124,-0.08842724349258843,0.4772496438700212,-0.45670845059952286,-0.5854960613567306,-0.44935288152352915,-0.535709020812274,-0.7593490717402405,-0.517759100365519,-0.006174674435846377,-0.5645686601410272,-0.4162643417162527,-0.5448454314042755,1,0,0,0,0,0,1,0,0,0,0,0,0
Unternberg-Ruhpolding-,-0.9336030262770775,-0.9188629058708797,-0.5770844511085911,-2.0132716069138725,-0.6605404029729373,-0.7660849005459178,-0.6731929632841501,-0.7548129148050242,-0.7593490717402405,-0.6760110513078038,-0.6121160590735656,-0.7576553394457652,-0.6966961877076839,-0.5082127056874473,0,1,0,0,0,1,0,0,0,0,0,0,0
Diavolezza-​Lagalb,1.25491666432855,2.5363096381301555,-0.1906179142868095,1.5841479775517517,-0.6790705804614294,-0.3647763690143907,-0.11359275888259773,-0.5006523977734341,-0.3436181641274334,-0.5968850758366614,-0.6121160590735656,-0.5323875469235709,-0.6832493397173756,-0.4960017971151712,0,0,0,0,0,0,0,0,0,0,0,0,1
Kubínska hoľa,-0.9625261939943325,-0.8938435536333631,-0.6346828291926065,-1.4598224400730073,-0.642010225484445,-0.5854960613567306,-0.5612729224038396,-0.6496430456885042,-0.828637556342375,-0.6760110513078038,-0.309145366754706,-0.7254742262283089,-0.5203689713186401,-0.3983145285369625,1,0,0,0,0,0,0,0,0,1,0,0,0
Gålå,-1.3040950317981057,-0.6936887357332308,-1.244110829565416,0.10828353264277774,-0.43817827311103064,-0.6858231942396124,-0.6172329428439949,-0.6058222668899541,-0.48219513333170244,-0.6760110513078038,-0.6121160590735656,-0.6289308865759399,-0.6045202135805701,-0.42273634568151464,1,1,0,0,0,0,0,1,0,0,0,0,0
Kvitfjell,-1.4542200451876672,-2.232378898340498,-0.303956658258582,0.2927665882563995,-0.3269972081800773,-0.5854960613567306,-0.3933928610833739,-0.474359930494304,0.002824258883239141,-0.5968850758366614,-0.6121160590735656,-0.3714819808362893,-0.3800012290714211,-0.32504907710330594,1,1,0,0,0,0,0,1,0,0,0,0,0
Molines-en-Queyras-​Saint-Véran,0.9711941619592868,1.683149726830841,0.06021373220809679,-1.1830978566525745,-0.3084670306915851,-0.5453652082035779,-0.6172329428439949,-0.48312408625401404,-0.3436181641274334,-0.3595071494232341,-0.6121160590735656,-0.435844207271202,-0.5028013150732373,-0.5448454314042755,0,0,0,0,1,0,0,0,0,0,0,0,0
Tatranská Lomnica,0.13104500445807044,-0.47351843604308513,0.5284328056652552,-0.6296486898117093,-0.5864196930189683,-0.6858231942396124,-0.6172329428439949,-0.6759355129676341,-0.7593490717402405,-0.6760110513078038,-0.6121160590735656,-0.7576553394457652,-0.4986805068181428,-0.01733418108194847,0,0,0,0,0,0,0,0,0,1,0,0,0
Kanin-Sella Nevea-​Bovec,-1.3660732483350806,-1.5443467118087932,-0.6959972316691392,-0.6296486898117093,-0.6049498705074606,-0.665757767663036,-0.6731929632841501,-0.6846996687273441,-0.7593490717402405,-0.4386331248943765,-0.006174674435846377,-0.5323875469235709,-0.5162481630635457,-0.5448454314042755,0,0,0,0,0,0,0,0,1,0,0,0,0
Postwiesen Skidorf-Neuastenberg,-1.8798037987415621,-1.1815661043648034,-1.658447549331076,-1.4598224400730073,-0.6234800479959528,-0.725954047392765,-0.6172329428439949,-0.7022279802467641,-0.41290664872956795,-0.6760110513078038,-0.6121160590735656,-0.5967497733584836,-0.6226951468319868,-0.48867525197180556,1,1,0,0,0,1,0,0,0,0,0,0,0
Oberjoch-Bad Hindelang-– Iseler,-0.7380273207604009,0.13194988810481528,-1.0936118416684721,-0.35292410639127664,-0.5678895155304762,-0.3045800892846616,-0.5612729224038396,-0.49188824201372405,-0.828637556342375,-0.4386331248943765,-0.6121160590735656,-0.6932931130108525,-0.5006758455521886,-0.3738927113924103,1,1,0,0,0,1,0,0,0,0,0,0,0
Mönichkirchen-​Mariensee,-0.8881523341499625,-0.5185532700706149,-0.8130520000334288,-0.6296486898117093,-0.5864196930189683,-0.665757767663036,-0.5612729224038396,-0.6584072014482141,-0.7593490717402405,-0.517759100365519,-0.6121160590735656,-0.6932931130108525,-0.6231506045864973,-0.3494708942478581,1,0,0,1,0,0,0,0,0,0,0,0,0
Grächen,1.0593409588118734,1.3553962125193744,0.42252611047851696,0.5694911716768322,-0.5122989830649995,-0.16412210324862717,-0.5612729224038396,-0.404246684416624,-0.3436181641274334,-0.3595071494232341,-0.4606307129141358,-0.4036630940537456,-0.4687504258074564,-0.5448454314042755,0,0,0,0,0,0,0,0,0,0,0,0,1
Puigmal,0.8334647918771202,1.8833045447309735,-0.27422846311844495,-0.4451656341980875,-0.5122989830649995,-0.48516892847384885,-0.2814728202030634,-0.49188824201372405,-0.2050411949231644,-0.5968850758366614,-0.6121160590735656,-0.4680253204886583,-0.5120189124859487,-0.5448454314042755,0,0,0,0,1,0,0,0,0,0,0,0,0
Kranzberg-Mittenwald,-1.025881704232129,-0.2433403954579329,-1.2032345612477275,-1.1830978566525745,-0.5678895155304762,-0.6456923410864597,-0.5612729224038396,-0.6408788899287942,-0.3436181641274334,-0.6760110513078038,-0.6121160590735656,-0.5645686601410272,-0.6424750264564404,-0.5253079776886338,1,1,0,0,0,1,0,0,0,0,0,0,0
Wetterstein lifts-Wettersteinbahnen-– Ehrwald,-0.7779688380842292,-0.19330169098289982,-0.9059526098463571,0.10828353264277774,-0.4011179181340462,-0.6858231942396124,-0.5053129019636844,-0.5707656438511141,-0.5514836179338369,-0.4386331248943765,-0.6121160590735656,-0.5645686601410272,-0.6516926238691518,-0.46425343482725334,1,0,0,1,0,0,0,0,0,0,0,0,0
Stuhleck-Spital am Semmering,-0.44190917508374267,-0.7512332458795188,-0.038260914193607165,0.016042004835966853,-0.34552738566856955,-0.665757767663036,-0.6731929632841501,-0.562001488091404,-0.48219513333170244,-0.5968850758366614,-0.6121160590735656,-0.5967497733584836,-0.4570386549771878,0.04127818006497676,1,1,0,1,0,0,0,0,0,0,0,0,0
Glacier 3000 / Les Diablerets,1.2686896013367666,0.6648620907639177,1.2177553304771829,1.1229403385176975,-0.5122989830649995,-0.725954047392765,-0.0016727180022872532,-0.553237332331694,-0.690060587138106,-0.517759100365519,-0.1576600205952762,-0.5645686601410272,-0.5468288980092469,-0.5448454314042755,1,0,0,0,0,0,0,0,0,0,0,0,1
Rossfeld - Berchtesgaden - Oberau,-0.7449137892645092,0.5572788761425965,-1.418763976013721,-2.0132716069138725,-0.5493593380419839,-0.7660849005459178,-0.6731929632841501,-0.7022279802467641,-0.690060587138106,-0.7551370267789462,-0.6121160590735656,-0.7576553394457652,-0.6993204919122441,-0.5448454314042755,1,1,0,0,0,1,0,0,0,0,0,0,0
Les Arcs /​ Peisey-Vallandry (Paradiski),1.5579212785093166,0.3070853537674311,1.8736336357564563,0.7539742272904539,1.2480678783417611,0.6184295332378505,0.781767568159886,0.9804899256175568,0.21068971268964268,1.3812643109418998,0.5997667102018729,0.7870380949921383,1.0230038510012542,1.3918046681587124,1,1,0,0,1,0,0,0,0,0,0,0,0
Tignes - ​Val d'Isère,1.8746988296982998,1.1827626820805102,1.6506721722054285,1.3074233941313191,2.4710595925822476,0.7789529458504614,2.2367280996039223,1.8569055015885574,1.319305466323795,2.5681539430090363,1.0542227486801623,1.8811959443856534,2.3854731909224998,1.5261246624537492,1,0,0,0,1,0,0,0,0,0,0,0,0
Livigno – Carosello/​Mottolino,0.9684395745576434,1.8482774515984504,-0.06613109713748565,0.3850081160632104,-0.12316525580666292,0.5181024003549688,0.44600744551895466,0.23553668604220637,0.7649975895067188,0.2735006543459054,0.29679601788301324,0.5295891892524877,0.33350587606594184,-0.5448454314042755,1,1,0,0,0,0,1,0,0,0,0,0,0
Courchevel (Les 3 Vallées),1.5634304533126033,0.08191118362978218,2.0482867822047615,1.7686310331653736,5.102344795948143,3.5479818134179983,3.3559285084070267,4.486152229501559,3.3286715197856958,4.2297994279030275,5.447297787303627,4.423503888564703,4.671415660810424,5.274873594142509,1,1,0,0,1,0,0,0,0,0,0,0,0
Les Gets (Les Portes du Soleil),0.5111780658848503,-0.19330169098289982,0.8331468058516599,0.8462157550972648,5.065284440971158,3.42758925395854,2.684408263125164,4.3108691143073585,5.1994606040433275,5.100185158085594,1.0542227486801623,4.71313390752181,4.702213280401129,2.0780577299206286,1,1,0,0,1,0,0,0,0,0,0,0,0
Avoriaz (Les Portes du Soleil),0.5111780658848503,-0.19330169098289982,0.8331468058516599,0.8462157550972648,5.065284440971158,3.42758925395854,2.684408263125164,4.3108691143073585,5.1994606040433275,5.100185158085594,1.0542227486801623,4.71313390752181,4.702213280401129,2.0780577299206286,1,1,0,0,1,0,0,0,0,0,0,0,0
Châtel (Les Portes du Soleil),0.5111780658848503,-0.19330169098289982,0.8331468058516599,0.8462157550972648,5.065284440971158,3.42758925395854,2.684408263125164,4.3108691143073585,5.1994606040433275,5.100185158085594,1.0542227486801623,4.71313390752181,4.702213280401129,2.0780577299206286,1,1,0,0,1,0,0,0,0,0,0,0,0
Kitzbühel / Kirchberg (KitzSki),-0.13064079869804612,-0.6936887357332308,0.3389155616468816,1.2151818663245082,1.1924773458762845,0.43784069404866344,0.2781273841984889,0.7964426546636467,0.07211274348537365,1.4603902864130422,1.0542227486801623,0.8514003214270509,1.2370473071566628,2.146438817925375,1,1,0,1,0,0,0,0,0,0,0,0,0
Obergurgl-Hochgurgl,1.3595909855909967,1.7907329414521622,0.5042786471138938,0.7539742272904539,-0.030514368364201835,0.3174481345892053,0.44600744551895466,0.19171590724365636,-0.06646422571889538,-0.2012551984809492,0.5997667102018729,0.014691377773186548,0.07348287516947871,0.2366527172213942,1,1,0,1,0,0,0,0,0,0,0,0,0
Hafjell,-1.4666156884950623,-2.207359546102982,-0.3392588899874947,0.2927665882563995,-0.06757472334118628,-0.6456923410864597,-0.44935288152352915,-0.38671837289720395,0.002824258883239141,-0.517759100365519,-0.4606307129141358,-0.3071197544013767,-0.3125934814038752,-0.17851817423599287,1,1,0,0,0,0,0,1,0,0,0,0,0
Voss,-1.563026247552579,-1.9846873111890846,-0.6346828291926065,0.10828353264277774,-0.21581614324912402,-0.7058886208161887,-0.05763273844244249,-0.421774995936044,-0.48219513333170244,-0.4386331248943765,-0.6121160590735656,-0.5323875469235709,-0.5112598162284313,-0.44715816282606685,1,0,0,0,0,0,0,1,0,0,0,0,0
Kaunertal Glacier (Kaunertaler Gletscher),1.39540062181236,2.7589818730440525,-0.16646375573544817,0.10828353264277774,-0.4196480956225384,-0.7058886208161887,-0.5612729224038396,-0.5882939553705341,-0.5514836179338369,-0.5968850758366614,-0.4606307129141358,-0.5967497733584836,-0.48306481237778465,-0.5448454314042755,0,0,0,1,0,0,0,0,0,0,0,0,0
Geilosiden Geilo,-1.2627762207734556,-0.6936887357332308,-1.188370463677659,0.20052506044958862,-0.34552738566856955,-0.5453652082035779,-0.44935288152352915,-0.474359930494304,0.2799781972917772,-0.2803811739520916,-0.6121160590735656,-0.11403307509663874,-0.4608341362647749,-0.3006272599587537,1,1,0,0,0,0,0,1,0,0,0,0,0
Ski Juwel Alpbachtal Wildschönau,-0.09620845617750448,-0.6186306790206811,0.3296255006655887,0.3850081160632104,-0.21581614324912402,0.2773172814360526,0.05428730243786798,0.04272525932858628,1.2500169817216604,-0.2012551984809492,0.5997667102018729,0.6261325289048567,0.3755598087324063,0.17315599264555853,1,1,0,1,0,0,0,0,0,0,0,0,0
Reither Kogel-Reith im Alpbachtal,-1.1222922632896457,-1.018940314820946,-0.7573116341456718,0.3850081160632104,-0.6605404029729373,-0.725954047392765,-0.6731929632841501,-0.7372846032856042,-0.690060587138106,-0.7551370267789462,-0.4606307129141358,-0.7254742262283089,-0.6810804932673258,-0.5448454314042755,0,1,0,1,0,0,0,0,0,0,0,0,0
Ellmau (SkiWelt Wilder Kaiser-Brixental),-0.18986442783337779,-1.1440370760085286,0.593463232534305,0.661732699483643,1.5816110731346211,1.8022897012558554,1.1734877112409725,1.7166790094331972,2.77436364296862,2.0142721147110394,1.8116494794773113,2.4926370955173236,2.4242738539138897,3.606863483169595,1,1,0,1,0,0,0,0,0,0,0,0,0
Westendorf (SkiWelt Wilder Kaiser-Brixental),-0.18986442783337779,-1.1440370760085286,0.593463232534305,0.661732699483643,1.5816110731346211,1.8022897012558554,1.1734877112409725,1.7166790094331972,2.77436364296862,2.0142721147110394,1.8116494794773113,2.4926370955173236,2.4242738539138897,3.606863483169595,1,1,0,1,0,0,0,0,0,0,0,0,0
Söll (SkiWelt Wilder Kaiser-Brixental),-0.18986442783337779,-1.1440370760085286,0.593463232534305,0.661732699483643,1.5816110731346211,1.8022897012558554,1.1734877112409725,1.7166790094331972,2.77436364296862,2.0142721147110394,1.8116494794773113,2.4926370955173236,2.4242738539138897,3.606863483169595,1,1,0,1,0,0,0,0,0,0,0,0,0
Kitzsteinhorn - Kaprun,1.2865944194474483,2.2535909578462183,0.06207174440435535,0.7539742272904539,-0.43817827311103064,-0.2845146627080853,-0.5053129019636844,-0.413010840176334,-0.6207721025359715,-0.3595071494232341,0.44828136404244306,-0.339300867618833,-0.04066351349663902,-0.28841635138647764,1,0,0,1,0,0,0,0,0,0,0,0,0
Saint Martin de Belleville (Les 3 Vallées),1.5634304533126033,0.08191118362978218,2.0482867822047615,1.7686310331653736,5.102344795948143,3.5479818134179983,3.3559285084070267,4.486152229501559,3.3286715197856958,4.2297994279030275,5.447297787303627,4.423503888564703,4.671415660810424,5.274873594142509,1,1,0,0,1,0,0,0,0,0,0,0,0
La Plagne (Paradiski),1.4766609501608383,0.32459890033369265,1.751004830803391,0.7539742272904539,1.8966240904389888,0.3977098408955107,0.8377275886000413,1.1995938196103069,2.9129406121728887,1.776894188297612,1.2057080948395922,2.331731529430042,2.1961762727621585,0.47354434352355035,1,0,0,0,1,0,0,0,0,0,0,0,0
Schladming (4-Berge-Skischauke),-0.10998139318572114,-0.8312951730395718,0.46897641538498114,0.9384572829040756,0.17331758400921257,0.5782986800846979,-0.2255127997629082,0.30564993211988645,0.14140122808750816,0.8273824826439026,0.9027374025207325,0.5939514156874004,0.788790122860383,0.9204635972688553,1,1,0,1,0,0,0,0,0,0,0,0,0
Alpe d'Huez,1.7011598233947698,0.119440211986057,2.2062178188867394,0.8462157550972648,0.6180418437330257,1.8223551278324317,2.1248080587236116,1.418697713603057,0.9035745587109878,0.906508458115045,2.4175908641150303,1.3019359064714395,1.2280899713179574,1.8069755596160995,1,1,0,0,1,0,0,0,0,0,0,0,0
Formigal,0.21505992020819206,1.0601678561166792,-0.49718992666947276,0.20052506044958862,0.19184776149770477,0.6184295332378505,0.44600744551895466,0.4283481127558265,-0.3436181641274334,0.11524870340362056,-0.6121160590735656,-0.24275752796646402,-0.13062726424470217,0.5297145229560204,1,0,0,0,0,0,0,0,0,0,1,0,0
Axamer Lizum,0.33763905958132034,1.2578207387930598,-0.4786098047068871,-0.35292410639127664,-0.5493593380419839,-0.3647763690143907,-0.5612729224038396,-0.5094165535331441,-0.7593490717402405,-0.2803811739520916,-0.4606307129141358,-0.5645686601410272,-0.48041881970872397,-0.5448454314042755,1,0,0,1,0,0,0,0,0,0,0,0,0
Bansko,0.6406436737620869,-0.21832104322041637,1.0263800742625506,-1.0908563288457638,-0.3084670306915851,-0.3045800892846616,-0.5053129019636844,-0.35166174985836396,-0.48219513333170244,-0.12212922300980676,-0.309145366754706,-0.339300867618833,-0.24377598354379704,0.38318362008870727,1,1,0,0,0,0,0,0,1,0,0,0,0
Baqueira / ​Beret,0.5717789887210036,0.9851097994041295,0.03977559804925257,0.7539742272904539,0.7848134411294557,0.2572518548594762,0.3900474250787994,0.5422821376320566,0.002824258883239141,0.74825650717276,-0.309145366754706,0.2399591702953808,0.4017594738490071,0.9912868669880566,1,0,0,0,0,0,0,0,0,0,1,0,0
Hochkönig-Maria Alm/​Dienten/​Mühlbach,-0.26837016878021275,-0.6936887357332308,0.15311434202102503,0.9384572829040756,0.28449864894016585,0.036532162517136355,0.3900474250787994,0.20924421876307636,0.48784365109818073,-0.043003247538664316,0.14531067172358345,0.2399591702953808,0.2984139405041371,0.7250890601124379,1,1,0,1,0,0,0,0,0,0,0,0,0
Bonneval sur Arc,1.24665290212362,1.9333432492060065,0.2460149518339533,-1.2753393844593854,-0.43817827311103064,-0.5654306347801542,-0.6172329428439949,-0.553237332331694,-0.41290664872956795,-0.517759100365519,-0.6121160590735656,-0.5323875469235709,-0.5912251848417651,-0.5448454314042755,0,0,0,0,1,0,0,0,0,0,0,0,0
Brauneck Lenggries ​Wegscheid,-0.527301384534686,-0.9438822581083962,-0.01039073124972869,-0.6296486898117093,-0.5308291605534917,-0.34471094243781436,-0.44935288152352915,-0.474359930494304,0.14140122808750816,-0.4386331248943765,-0.4606307129141358,-0.2105764147490077,-0.3551028718248501,-0.5448454314042755,0,1,0,0,0,1,0,0,0,0,0,0,0
Brunni - Engelberg,-0.07554905066517949,-0.06820492979531709,-0.05126699956741712,-0.35292410639127664,-0.642010225484445,-0.725954047392765,-0.5612729224038396,-0.7109921360064742,-0.7593490717402405,-0.6760110513078038,-0.4606307129141358,-0.7254742262283089,-0.7134613707665683,-0.5448454314042755,0,0,0,0,0,0,0,0,0,0,0,0,1
Madonna di Campiglio-​Pinzolo-​Folgàrida-​Marilleva,0.5635152265160736,-0.7687467924457804,1.3310940744489552,0.7539742272904539,0.4327400688481036,0.5782986800846979,0.5579274863992651,0.5422821376320566,0.002824258883239141,1.9351461392398968,1.9631348256367411,1.2053925668190706,1.4502449131965522,-0.5448454314042755,1,1,0,0,0,0,1,0,0,0,0,0,0
Le Lys - Cauterets,-1.0121087672239124,-0.36343328619801235,-1.0954698538647307,-0.4451656341980875,-0.28993685320309287,-0.5453652082035779,-0.5053129019636844,-0.456831618974884,-0.5514836179338369,-0.4386331248943765,-0.4606307129141358,-0.5323875469235709,-0.48657834362686525,-0.5448454314042755,1,0,0,0,1,0,0,0,0,0,0,0,0
Pont d'Espagne - Cauterets,-0.4667004616985327,1.097696884472954,-1.444776146761341,-0.6296486898117093,-0.6234800479959528,-0.7660849005459178,-0.6731929632841501,-0.7372846032856042,-0.828637556342375,-0.6760110513078038,-0.4606307129141358,-0.7576553394457652,-0.679345416107286,-0.5448454314042755,0,0,0,0,1,0,0,0,0,0,0,0,0
Cervinia,2.4848399391622977,1.21278590476553,2.45147542879287,3.613461589301591,0.7106927311754869,3.628243519724304,0.8377275886000413,2.0497169283021774,0.48784365109818073,0.9856344335861874,2.4175908641150303,1.141030340384158,1.2577381022901375,2.0438671859182556,1,0,0,0,0,0,0,0,0,0,0,0,1
Grands Montets-Argentière (Chamonix),1.6254086698495782,0.43718598540251713,1.8680595991676807,1.8608725609721843,-0.5678895155304762,-0.605561487933307,0.11024732287802322,-0.5181807092928541,-0.8979260409445096,-0.4386331248943765,-0.006174674435846377,-0.5967497733584836,-0.42762909711451336,-0.5448454314042755,1,0,0,0,1,0,0,0,0,0,0,0,0
Balme-​Les Autannes-Vallorcine-​Le Tour,0.24122850052380373,0.9400749653765997,-0.3727031095201489,0.8462157550972648,-0.43817827311103064,-0.46510350189727245,-0.6731929632841501,-0.5181807092928541,-0.41290664872956795,-0.5968850758366614,-0.309145366754706,-0.5002064337061146,-0.447061961306959,-0.5448454314042755,1,0,0,0,1,0,0,0,0,0,0,0,0
Crans-Montana,-0.8055147121006625,-1.344191893908661,-0.08842724349258843,1.6763895053585627,0.34008918140564254,0.6184295332378505,0.16620734331817846,0.4546405800349565,-0.1357527103210299,-0.2803811739520916,0.14531067172358345,-0.14621418831409508,-0.1295428410196773,-0.5448454314042755,1,0,0,0,0,0,0,0,0,0,0,0,1
Rinerhorn (Davos Klosters),0.5442331147045703,0.9425769006003514,0.03420156146047688,0.5694911716768322,-0.49376880557650726,-0.34471094243781436,-0.2255127997629082,-0.421774995936044,-0.5514836179338369,-0.7551370267789462,-0.4606307129141358,-0.6611119997933962,-0.6197021387309182,-0.5106548874019025,1,0,0,0,0,0,0,0,0,0,0,0,1
Jakobshorn (Davos Klosters),0.6819624847867369,1.1577433298429936,0.06021373220809679,1.491906449744941,-0.21581614324912402,-0.5252997816270015,-0.5612729224038396,-0.413010840176334,-0.6207721025359715,-0.3595071494232341,-0.1576600205952762,-0.4680253204886583,-0.4266748046764915,-0.20293999138054503,1,0,0,0,0,0,0,0,0,0,0,0,1
Pischa (Davos Klosters),0.5345920587988187,1.808246488018424,-0.6216767438187966,-0.1684410507776549,-0.6790705804614294,-0.7861503271224941,-0.6731929632841501,-0.7723412263244442,-0.967214525546644,-0.7551370267789462,-0.4606307129141358,-0.8541986790981342,-0.7520017721839523,-0.5448454314042755,0,0,0,0,0,0,0,0,0,0,0,0,1
Madrisa (Davos Klosters),0.7108856525039918,0.16197311078983512,0.8387208424404355,0.9384572829040756,-0.5678895155304762,-0.605561487933307,-0.16955277932275295,-0.544473176571984,-0.48219513333170244,-0.5968850758366614,-0.4606307129141358,-0.5645686601410272,-0.6253411395010475,-0.5228657959741786,1,0,0,0,0,0,0,0,0,0,0,0,1
Cortina d'Ampezzo,1.1419785808611733,0.3671317991374708,1.2679216597761642,0.9384572829040756,0.15478740652072034,0.3174481345892053,0.44600744551895466,0.2793574648407564,-0.41290664872956795,1.3021383354707574,0.29679601788301324,0.4008647363826624,0.2736240255800686,-0.22736180852509721,1,0,0,0,0,0,1,0,0,0,0,0,0
St. Moritz - Corviglia,1.325158643070455,1.6080916701182915,0.593463232534305,2.5065632556198607,0.09919687405524369,0.7990183724270378,1.2294477316811279,0.5861029164306066,-0.2050411949231644,0.194374678874763,0.14531067172358345,0.014691377773186548,-0.0922386820788218,-0.1296745399468885,1,0,0,0,0,0,0,0,0,0,0,0,1
Espace Diamant-Les Saisies/​Notre-Dame-de-Bellecombe/​Praz sur Arly/​Flumet/​Crest-Voland,-0.03560753334135117,-0.19330169098289982,0.09551596393700952,-0.1684410507776549,1.7669128480195433,0.1970555751297472,-0.05763273844244249,0.9103766795398768,2.705075158366485,1.618642237355327,-0.6121160590735656,1.7846526047332845,1.2010878330148382,0.6078643378185873,1,1,0,0,1,0,0,0,0,0,0,0,0
Fonna Glacier,-0.8743793971417458,0.3070853537674311,-1.4076159028361697,0.016042004835966853,-0.642010225484445,-0.7460194739693414,-0.6731929632841501,-0.7285204475258942,-0.8979260409445096,-0.7551370267789462,-0.6121160590735656,-0.8541986790981342,-0.7433263863837533,-0.5448454314042755,1,0,0,0,0,0,0,1,0,0,0,0,0
Galtür,0.2825473115484537,1.307859443268093,-0.5900905364824011,-0.1684410507776549,-0.5678895155304762,-0.2845146627080853,-0.0016727180022872532,-0.39548252865691397,-0.3436181641274334,-0.5968850758366614,-0.309145366754706,-0.4680253204886583,-0.43443927496766954,-0.22003526338173157,1,1,0,1,0,0,0,0,0,0,0,0,0
Glencoe Mountain,-1.4115239404621958,-1.7945402341839587,-0.5715104145198153,-0.6296486898117093,-0.5493593380419839,-0.5854960613567306,-0.2814728202030634,-0.562001488091404,-0.5514836179338369,-0.5968850758366614,-0.6121160590735656,-0.6289308865759399,-0.6435594496814653,-0.5448454314042755,0,0,0,0,0,0,0,0,1,0,0,0,0
Golm,0.02086150839233714,-1.068979019295979,0.8219987326741085,0.5694911716768322,-0.43817827311103064,-0.5453652082035779,-0.6172329428439949,-0.544473176571984,-0.690060587138106,-0.4386331248943765,-0.1576600205952762,-0.5323875469235709,-0.41713188029627263,-0.24445708052628373,0,0,0,1,0,0,0,0,0,0,0,0,0
Grandvalira – Pas de la Casa/​Grau Roig/​Soldeu/​El Tarter/​Canillo/​Encamp,0.7508271698278202,1.5830723178807748,-0.16274773134293102,0.4772496438700212,1.1739471683877922,0.7588875192738851,1.1734877112409725,1.068131483214657,1.596459404732333,1.4603902864130422,0.44828136404244306,1.4306603593412648,1.3781741456613994,1.9754860979135094,1,1,1,0,0,0,0,0,0,0,0,0,0
El Tarter – Pas de la Casa/​Grau Roig/​Soldeu/​Canillo/​Encamp (Grandvalira),0.7508271698278202,1.5830723178807748,-0.16274773134293102,0.4772496438700212,1.1739471683877922,0.7588875192738851,1.1734877112409725,1.068131483214657,1.596459404732333,1.4603902864130422,0.44828136404244306,1.4306603593412648,1.3781741456613994,1.9754860979135094,1,1,1,0,0,0,0,0,0,0,0,0,0
Gresse en Vercors,-0.47358693020264103,0.41967243883625555,-0.9505449025565627,-2.1055131347206832,-0.5308291605534917,-0.6456923410864597,-0.3933928610833739,-0.5970581111302441,-0.2743296795252989,-0.6760110513078038,-0.6121160590735656,-0.5323875469235709,-0.621697477464964,-0.42029416396705943,1,0,0,0,1,0,0,0,0,0,0,0,0
Wasserngrat (Gstaad),-0.26837016878021275,0.4947304955488052,-0.7294414512017934,1.1229403385176975,-0.6234800479959528,-0.725954047392765,-0.5612729224038396,-0.6934638244870541,-0.967214525546644,-0.6760110513078038,-0.6121160590735656,-0.8541986790981342,-0.7498329257339025,-0.5448454314042755,0,0,0,0,0,0,0,0,0,0,0,0,1
Wispile (Gstaad),-0.21190112704652445,-0.07821267069032371,-0.2277781582119808,1.1229403385176975,-0.6234800479959528,-0.725954047392765,-0.6172329428439949,-0.7022279802467641,-0.7593490717402405,-0.7551370267789462,-0.309145366754706,-0.7254742262283089,-0.691252383118059,-0.5448454314042755,0,1,0,0,0,0,0,0,0,0,0,0,1
Heiti - Gsteig (Gstaad),-0.9983358302156958,0.37463760480872577,-1.6250033297984219,1.1229403385176975,-0.6790705804614294,-0.7861503271224941,-0.6731929632841501,-0.7635770705647342,-0.8979260409445096,-0.7551370267789462,-0.6121160590735656,-0.8541986790981342,-0.7563394650840517,-0.5448454314042755,0,0,0,0,0,0,0,0,0,0,0,0,1
Arosa Lenzerheide,1.060718252512695,0.3796414752562291,1.149008879215616,1.9531140887789953,1.3777791207612067,0.9595417850396486,0.8377275886000413,1.1995938196103069,0.6957091049045843,0.6691305317016176,0.5997667102018729,0.7226758685572257,0.6173211225194506,-0.5448454314042755,1,1,0,0,0,0,0,0,0,0,0,0,1
Villars -​ Gryon / Les Diablerets,0.0346344454005538,0.3671317991374708,-0.22592014601572225,1.1229403385176975,0.2659684714516736,0.11679386882344177,-0.44935288152352915,0.1040743496465563,0.41855516649604624,-0.043003247538664316,-0.006174674435846377,0.17559694386046817,0.07443716760750059,-0.5448454314042755,1,0,0,0,0,0,0,0,0,0,0,0,1
Verbier (4 Vallées),1.7011598233947698,-0.641148096034446,2.771053526549343,2.229838672199428,1.3036584108072378,3.2670658413459295,5.090689142051839,2.8384909466760777,1.7350363739366021,0.5900045562304752,2.2661055179556007,1.5272036989936337,1.0746440849769385,-0.5448454314042755,1,1,0,0,0,0,0,0,0,0,0,0,1
Nendaz (4 Vallées),1.7011598233947698,-0.641148096034446,2.771053526549343,2.229838672199428,1.3036584108072378,3.2670658413459295,5.090689142051839,2.8384909466760777,1.7350363739366021,0.5900045562304752,2.2661055179556007,1.5272036989936337,1.0746440849769385,-0.5448454314042755,1,1,0,0,0,0,0,0,0,0,0,0,1
Thyon (4 Vallées),1.7011598233947698,-0.641148096034446,2.771053526549343,2.229838672199428,1.3036584108072378,3.2670658413459295,5.090689142051839,2.8384909466760777,1.7350363739366021,0.5900045562304752,2.2661055179556007,1.5272036989936337,1.0746440849769385,-0.5448454314042755,1,1,0,0,0,0,0,0,0,0,0,0,1
Veysonnaz (4 Vallées),1.7011598233947698,-0.641148096034446,2.771053526549343,2.229838672199428,1.3036584108072378,3.2670658413459295,5.090689142051839,2.8384909466760777,1.7350363739366021,0.5900045562304752,2.2661055179556007,1.5272036989936337,1.0746440849769385,-0.5448454314042755,1,1,0,0,0,0,0,0,0,0,0,0,1
Ischgl,1.0703593084184468,0.749927888371474,0.8870291595431583,0.9384572829040756,0.19184776149770477,2.063140246751348,2.0688480382834564,1.313527844486537,-0.06646422571889538,1.2230123599996148,0.44828136404244306,0.5617703024699441,1.1438953521270265,2.385772625941986,1,0,0,1,0,0,0,0,0,0,0,0,0
Kleine Scheidegg / ​Männlichen-Grindelwald / ​Wengen,0.310093185564887,-0.33341006351299246,0.665925708188389,1.2151818663245082,-0.06757472334118628,0.33751356116578163,0.05428730243786798,0.12160266116597632,-0.2743296795252989,0.03612272793247812,0.29679601788301324,-0.0496708486617261,-0.13496495714480164,-0.5448454314042755,0,0,0,0,0,0,0,0,0,0,0,0,1
Kranjska Gora,-1.211816353843054,-0.6936887357332308,-1.119624012416092,-0.8141317454253311,-0.49376880557650726,-0.6256269145098833,-0.5612729224038396,-0.5970581111302441,0.07211274348537365,-0.3595071494232341,-0.6121160590735656,-0.24275752796646402,-0.3838617757525096,-0.5448454314042755,1,1,0,0,0,0,0,0,1,0,0,0,0
Kuühtai,0.5855519257292202,2.1535135488961523,-0.8093359756409116,-0.4451656341980875,-0.5678895155304762,-0.26444923613150895,-0.2255127997629082,-0.413010840176334,-0.5514836179338369,-0.3595071494232341,-0.4606307129141358,-0.5002064337061146,-0.3951397772927683,-0.3494708942478581,1,1,0,1,0,0,0,0,0,0,0,0,0
La Grave - La Meije,1.9821277383623896,0.9826078641803778,1.9442380992142816,0.661732699483643,-0.6234800479959528,-0.7861503271224941,-0.6731929632841501,-0.7460487590453142,-0.8979260409445096,-0.7551370267789462,-0.309145366754706,-0.7898364526632216,-0.737687385613624,-0.5448454314042755,0,0,0,0,1,0,0,0,0,0,0,0,0
Espace San Bernardo – La Rosière/​La Thuile,0.7522044635286419,0.2470389083973914,0.8312887936554013,0.10828353264277774,0.34008918140564254,0.8792800787333432,0.5579274863992651,0.6299236952291566,0.48784365109818073,0.6691305317016176,-0.4606307129141358,0.4008647363826624,0.39464565749284397,-0.5448454314042755,1,0,0,0,1,0,0,0,0,0,0,0,0
La Thuile / La Rosière - Espace San Bernardo,0.7522044635286419,0.2470389083973914,0.8312887936554013,0.10828353264277774,0.34008918140564254,0.8792800787333432,0.5579274863992651,0.6299236952291566,0.48784365109818073,0.6691305317016176,-0.4606307129141358,0.4008647363826624,0.39464565749284397,-0.5448454314042755,1,0,0,0,0,0,1,0,0,0,0,0,0
La Tania-Val Thorens/​Les Menuires/​Méribel (Les 3 Vallées),1.5634304533126033,0.08191118362978218,2.0482867822047615,1.7686310331653736,5.102344795948143,3.5479818134179983,3.3559285084070267,4.486152229501559,3.3286715197856958,4.2297994279030275,5.447297787303627,4.423503888564703,4.671415660810424,5.274873594142509,1,1,0,0,1,0,0,0,0,0,0,0,0
The Lecht,-1.8178255822045872,-1.1015041772047505,-1.6342933907797146,-0.8141317454253311,-0.5864196930189683,-0.605561487933307,-0.44935288152352915,-0.6145864226496641,-0.1357527103210299,-0.6760110513078038,-0.6121160590735656,-0.4680253204886583,-0.5578900149045006,-0.5448454314042755,1,1,0,0,0,0,0,0,1,0,0,0,0
Les Deux alpes,2.017937374583753,0.5072401716675634,2.3455687336061315,0.661732699483643,1.3592489432727144,0.33751356116578163,1.2294477316811279,0.9804899256175568,0.8342860741088532,0.906508458115045,0.44828136404244306,0.8514003214270509,0.7994608473946276,0.0022032726336932732,1,1,0,0,1,0,0,0,0,0,0,0,0
Les Contamines-​Hauteluce,0.471236548561022,0.21701568571237154,0.47455045197375684,-0.2606825785844658,0.062136519078259254,0.41777526747208704,0.44600744551895466,0.2793574648407564,-0.1357527103210299,-0.12212922300980676,-0.006174674435846377,-0.11403307509663874,-0.032552027773453,-0.5448454314042755,0,1,0,0,1,0,0,0,0,0,0,0,0
Les Orres,0.8610106658935535,1.1827626820805102,0.2831751957591246,-0.6296486898117093,-0.12316525580666292,0.41777526747208704,-0.11359275888259773,0.1040743496465563,-0.2050411949231644,-0.043003247538664316,-0.6121160590735656,-0.24275752796646402,-0.31346101998389514,-0.08083090565778414,1,0,0,0,1,0,0,0,0,0,0,0,0
Courmayeur / Chécrouit -​ Val Veny,0.9092159454223118,0.3195950298861894,0.9892198303373794,0.3850081160632104,-0.38258774064555395,-0.3647763690143907,-0.44935288152352915,-0.413010840176334,-0.690060587138106,-0.12212922300980676,0.29679601788301324,-0.3071197544013767,-0.2380502289156657,0.13896544864318547,1,0,0,0,0,0,1,0,0,0,0,0,0
Zermatt - Matterhorn,2.4848399391622977,1.21278590476553,2.45147542879287,3.613461589301591,0.7106927311754869,3.628243519724304,0.8377275886000413,2.0497169283021774,0.48784365109818073,0.9856344335861874,2.4175908641150303,1.141030340384158,1.2577381022901375,2.0438671859182556,1,0,0,0,0,0,0,0,0,0,0,0,1
Mayrhofen-Penken/​Ahorn/​Rastkogel/​Eggalm,0.5580060517127869,-1.119017723771012,1.58378373314012,0.9384572829040756,0.062136519078259254,0.5381678269315452,1.0056076499205069,0.4195839569961165,1.180728497119526,0.5900045562304752,0.7512520563613027,0.9479436610794199,1.0184709619206502,0.15361853892991678,1,0,0,1,0,0,0,0,0,0,0,0,0
Nevis Range,-1.983100826303187,-2.467560809373154,-0.8427801951735658,-0.5374071620048985,-0.5493593380419839,-0.5854960613567306,-0.5053129019636844,-0.5970581111302441,-0.41290664872956795,-0.517759100365519,-0.4606307129141358,-0.5002064337061146,-0.5448769362042022,-0.5448454314042755,0,0,0,0,0,0,0,0,1,0,0,0,0
Obertauern,0.30045212965913537,1.3829174999806426,-0.6216767438187966,0.3850081160632104,0.45127024633659585,-0.08386039694232177,-0.44935288152352915,0.1040743496465563,-0.2050411949231644,0.6691305317016176,-0.309145366754706,0.11123471742555552,0.33235638744741547,0.13896544864318547,1,1,0,1,0,0,0,0,0,0,0,0,0
Levi,-2.153885245205074,-2.1798382586417135,-1.286845110079363,0.10828353264277774,-0.4011179181340462,-0.40490722216754343,-0.5612729224038396,-0.448067463215174,0.7649975895067188,-0.5968850758366614,-0.309145366754706,0.04687249099064287,-0.1163128776743739,0.10721708635526764,1,1,0,0,0,0,0,0,1,0,0,0,0
Ruka,-2.2075996995371185,-1.967173764622823,-1.517238622415425,0.10828353264277774,-0.5122989830649995,-0.6456923410864597,-0.5612729224038396,-0.6145864226496641,0.21068971268964268,-0.3595071494232341,-0.6121160590735656,-0.1783953015315514,-0.2723613797554526,-0.3738927113924103,1,1,0,0,0,0,0,0,1,0,0,0,0
Saalbach Hinterglemm Leogang Fieberbrunn (Skicircus),0.0015793965808338134,-0.6186306790206811,0.46154436659994685,1.0306988107108865,1.9151542679274811,1.4611774494540575,0.33408740463864417,1.5939808287972572,0.48784365109818073,0.9856344335861874,3.629473633390469,1.3984792461238085,2.1608457640908485,1.7190570178957116,1,1,0,1,0,0,0,0,0,0,0,0,0
Fieberbrunn - Saalbach Hinterglemm Leogang (Skicircus),0.0015793965808338134,-0.6186306790206811,0.46154436659994685,1.0306988107108865,1.9151542679274811,1.4611774494540575,0.33408740463864417,1.5939808287972572,0.48784365109818073,0.9856344335861874,3.629473633390469,1.3984792461238085,2.1608457640908485,1.7190570178957116,1,1,0,1,0,0,0,0,0,0,0,0,0
Saas-Fee,2.035842192694435,1.808246488018424,1.4035565501030394,1.9531140887789953,-0.3084670306915851,0.41777526747208704,0.44600744551895466,0.1040743496465563,0.002824258883239141,-0.5968850758366614,0.7512520563613027,-0.08185196187918242,-0.22367077695183596,-0.2957428965298433,1,0,0,0,0,0,0,0,0,0,0,0,1
Sainte-Foy-Tarentaise,0.7232812958113869,1.1827626820805102,0.09737397613326809,-0.9986148010389528,-0.49376880557650726,-0.2845146627080853,-0.33743284064321866,-0.413010840176334,-0.828637556342375,-0.4386331248943765,-0.6121160590735656,-0.6932931130108525,-0.6153644458308187,-0.5204236142597234,0,0,0,0,1,0,0,0,0,0,0,0,0
Val Senales Glacier,1.5386391666978132,2.336154820230023,0.3407735738431401,0.20052506044958862,-0.5308291605534917,-0.6456923410864597,-0.05763273844244249,-0.535709020812274,-0.5514836179338369,-0.2803811739520916,-0.309145366754706,-0.435844207271202,-0.42585064302547254,-0.5448454314042755,1,0,0,0,0,0,1,0,0,0,0,0,0
Serfaus-Fiss-Ladis,0.9987400359757201,0.3070853537674311,1.119280684075479,0.661732699483643,0.19184776149770477,1.6818971417963973,0.8936876090401965,0.9629616140981369,1.8043248585387366,0.5108785807593328,1.2057080948395922,1.3019359064714395,0.9323243809246746,2.507881711664747,1,1,0,1,0,0,0,0,0,0,0,0,0
Serre Chevalier-Briançon/​Chantemerle/​Villeneuve-la-Salle/​Le Monêtier-les-Bains,0.9711941619592868,0.3070853537674311,1.0821204401503075,0.661732699483643,1.8780939129504965,0.8190837990036142,1.1175276908008174,1.418697713603057,1.319305466323795,0.906508458115045,0.44828136404244306,1.0766681139492453,0.7936483389084944,0.8594090544074748,1,1,0,0,1,0,0,0,0,0,0,0,0
Sestriere ski resort (Via Lattea),0.9009521832173818,0.7374182122527156,0.6677837203846476,0.5694911716768322,1.0998264584338235,3.628243519724304,4.02744875368889,2.733321077559558,1.042151527915257,2.0142721147110394,0.44828136404244306,1.3984792461238085,1.322131153392114,-0.5448454314042755,0,1,0,0,0,0,1,0,0,0,0,0,0
Silvretta Montafon,0.4615954926552703,-0.9438822581083962,1.323662025663921,1.0306988107108865,0.4327400688481036,0.11679386882344177,-0.2255127997629082,0.21800837452278637,0.7649975895067188,0.6691305317016176,0.9027374025207325,0.8192192082095946,0.6940115329932094,0.26107453436594635,1,0,0,1,0,0,0,0,0,0,0,0,0
Wagrain (Ski amedé),-0.15818667271447945,-0.84380484915833,0.41323604949722414,0.9384572829040756,-0.12316525580666292,0.8391492255801904,-0.44935288152352915,0.23553668604220637,0.5571321357003153,0.5108785807593328,1.0542227486801623,0.6904947553397693,0.8659143026241516,0.9204635972688553,1,0,0,1,0,0,0,0,0,0,0,0,0
Flachau (Ski amedé),-0.15818667271447945,-0.84380484915833,0.41323604949722414,0.9384572829040756,-0.12316525580666292,0.8391492255801904,-0.44935288152352915,0.23553668604220637,0.5571321357003153,0.5108785807593328,1.0542227486801623,0.6904947553397693,0.8659143026241516,0.9204635972688553,1,0,0,1,0,0,0,0,0,0,0,0,0
Valchiavenna – Madesimo/​Campodolcino,-0.7504229640677959,0.011856997364735855,-1.0211493660143882,-0.2606825785844658,-0.43817827311103064,-0.22431838297835624,-0.3933928610833739,-0.35166174985836396,-0.8979260409445096,-0.043003247538664316,-0.1576600205952762,-0.4680253204886583,-0.2041511589013883,-0.5448454314042755,1,1,0,0,0,0,1,0,0,0,0,0,0
St. Anton (Ski Arlberg),0.9863443926683251,0.4822208194300469,0.9724977205710522,1.0306988107108865,1.729852493042559,1.6818971417963973,2.1807680791637667,1.8919621246273974,2.705075158366485,2.8055318694224636,1.6601641333178814,2.750086001256974,2.3782292437793338,1.2794643092937723,1,0,0,1,0,0,0,0,0,0,0,0,0
Lech (Ski Arlberg),0.9863443926683251,0.4822208194300469,0.9724977205710522,1.0306988107108865,1.729852493042559,1.6818971417963973,2.1807680791637667,1.8919621246273974,2.705075158366485,2.8055318694224636,1.6601641333178814,2.750086001256974,2.3782292437793338,1.2794643092937723,1,0,0,1,0,0,0,0,0,0,0,0,0
Zürs (Ski Arlberg),0.9863443926683251,0.4822208194300469,0.9724977205710522,1.0306988107108865,1.729852493042559,1.6818971417963973,2.1807680791637667,1.8919621246273974,2.705075158366485,2.8055318694224636,1.6601641333178814,2.750086001256974,2.3782292437793338,1.2794643092937723,1,0,0,1,0,0,0,0,0,0,0,0,0
St. Christoph (Ski Arlberg),0.9863443926683251,0.4822208194300469,0.9724977205710522,1.0306988107108865,1.729852493042559,1.6818971417963973,2.1807680791637667,1.8919621246273974,2.705075158366485,2.8055318694224636,1.6601641333178814,2.750086001256974,2.3782292437793338,1.2794643092937723,1,0,0,1,0,0,0,0,0,0,0,0,0
Sierra Nevada-Pradollano,1.6350497257553298,2.55882705514392,0.3054713421142274,0.4772496438700212,0.24743829396318143,0.1970555751297472,-0.2814728202030634,0.16542343996452635,-0.6207721025359715,0.3526266298170479,-0.309145366754706,-0.2105764147490077,0.5147129969675975,0.30991816865505073,1,1,0,0,0,0,0,0,0,0,1,0,0
St. Johann in Tirol,-0.6760491042234259,-1.046461602282214,-0.13487754839905255,0.20052506044958862,-0.38258774064555395,-0.324645515861238,-0.5053129019636844,-0.39548252865691397,-0.1357527103210299,-0.4386331248943765,-0.006174674435846377,-0.24275752796646402,-0.31172594282385535,0.09012181435408112,0,1,0,1,0,0,0,0,0,0,0,0,0
Bad Gastein,0.2825473115484537,-0.5435726223081314,0.7848384887489371,0.9384572829040756,-0.12316525580666292,0.2572518548594762,-0.5612729224038396,-0.01862383098938376,-0.2743296795252989,-0.043003247538664316,0.44828136404244306,-0.0496708486617261,-0.06016144308258617,1.408899940159899,1,0,0,1,0,0,0,0,0,0,0,0,0
Kronplatz (Plan de Corones),0.24811496902791205,-0.2608539420241945,0.5284328056652552,1.1229403385176975,0.28449864894016585,0.05659758909371271,0.7258075477197308,0.2705933090810464,-0.5514836179338369,-0.3595071494232341,2.5690762102744604,0.14341583064301183,0.7749745709735661,0.5541363401005726,1,1,0,0,0,0,1,0,0,0,0,0,0
Gargellen,0.2825473115484537,0.8650169086640501,-0.26122237774463497,0.4772496438700212,-0.3084670306915851,-0.6858231942396124,-0.5612729224038396,-0.5269448650525641,-0.6207721025359715,-0.517759100365519,-0.4606307129141358,-0.5967497733584836,-0.538370396854053,-0.34214434910449243,1,0,0,1,0,0,0,0,0,0,0,0,0
Hochschwarzeck,-0.9776764247033708,-0.11824363427035019,-1.2311047441916059,-1.8287885513002506,-0.6049498705074606,-0.7861503271224941,-0.6731929632841501,-0.7372846032856042,-0.7593490717402405,-0.6760110513078038,-0.6121160590735656,-0.7576553394457652,-0.7068897660229176,-0.5448454314042755,0,0,0,0,0,1,0,0,0,0,0,0,0
Arcalís-Ordino (Vallnord),0.7301677643154952,2.1585174193436556,-0.6179607194262795,-0.4451656341980875,-0.43817827311103064,-0.5052343550504251,-0.5053129019636844,-0.5094165535331441,-0.2743296795252989,-0.4386331248943765,-0.4606307129141358,-0.4036630940537456,-0.4605088092972674,-0.28597416967202244,1,0,1,0,0,0,0,0,0,0,0,0,0
Hemsedal,-0.8881523341499625,-1.1440370760085286,-0.3485489509687875,0.3850081160632104,-0.14169543329515513,-0.5854960613567306,-0.44935288152352915,-0.38671837289720395,0.07211274348537365,-0.2803811739520916,-0.6121160590735656,-0.2105764147490077,-0.2722312489684496,0.24886362579367027,1,1,0,0,0,0,0,1,0,0,0,0,0
Sölden,1.7149327604029865,0.6823756373301793,1.806745196691148,1.0306988107108865,0.6180418437330257,0.09672844224686541,0.9496476294803516,0.48969720307379655,-0.1357527103210299,0.5108785807593328,0.5997667102018729,0.27214028351283714,0.7568647031156508,0.34166653094296856,1,1,0,1,0,0,0,0,0,0,0,0,0
Stubai Glacier,1.5386391666978132,1.5505471599720035,0.9241894034683296,0.3850081160632104,-0.3269972081800773,-0.48516892847384885,-0.44935288152352915,-0.439303307455464,0.002824258883239141,-0.2012551984809492,0.14531067172358345,-0.0496708486617261,0.09350132790343779,-0.3763348931068655,1,0,0,1,0,0,0,0,0,0,0,0,0
Elfer Neustift,-0.020457302632312845,-0.24083846023418126,0.15125632982476647,-1.1830978566525745,-0.6790705804614294,-0.6456923410864597,-0.6731929632841501,-0.7109921360064742,-0.7593490717402405,-0.7551370267789462,-0.4606307129141358,-0.7576553394457652,-0.704720919572868,-0.5448454314042755,0,0,0,1,0,0,0,0,0,0,0,0,0
Val Gardena,0.582797338327577,0.3971550218224907,0.4912725617400839,1.1229403385176975,0.28449864894016585,1.320719463418023,0.33408740463864417,0.7613860316248067,1.042151527915257,2.489027967537894,1.5086787871584517,1.8168337179507408,1.874774917329288,0.9937290487025118,1,0,0,0,0,0,1,0,0,0,0,0,0
Val Thorens (Les 3 Vallées),1.5634304533126033,0.08191118362978218,2.0482867822047615,1.7686310331653736,5.102344795948143,3.5479818134179983,3.3559285084070267,4.486152229501559,3.3286715197856958,4.2297994279030275,5.447297787303627,4.423503888564703,4.671415660810424,5.274873594142509,1,1,0,0,1,0,0,0,0,0,0,0,0
Montgenèvre (Via Lattea),0.9009521832173818,0.7374182122527156,0.6677837203846476,0.5694911716768322,1.0998264584338235,3.628243519724304,4.02744875368889,2.733321077559558,1.042151527915257,2.0142721147110394,0.44828136404244306,1.3984792461238085,1.322131153392114,-0.5448454314042755,0,1,0,0,1,0,0,0,0,0,0,0,0
Sauze d’Oulx (Via Lattea),0.9009521832173818,0.7374182122527156,0.6677837203846476,0.5694911716768322,1.0998264584338235,3.628243519724304,4.02744875368889,2.733321077559558,1.042151527915257,2.0142721147110394,0.44828136404244306,1.3984792461238085,1.322131153392114,-0.5448454314042755,0,1,0,0,0,0,1,0,0,0,0,0,0
Gressoney - La-Trinite (Monterosa Ski),1.6254086698495782,0.33710857645245096,1.942380087018023,0.10828353264277774,-0.25287649822610847,1.099999771075683,0.16620734331817846,0.38452733395727645,-0.3436181641274334,-0.043003247538664316,1.2057080948395922,0.07905360420809919,-0.0756686952004418,1.0547835915638923,1,0,0,0,0,0,1,0,0,0,0,0,0
Champoluc (Monterosa Ski),1.6254086698495782,0.33710857645245096,1.942380087018023,0.10828353264277774,-0.25287649822610847,1.099999771075683,0.16620734331817846,0.38452733395727645,-0.3436181641274334,-0.043003247538664316,1.2057080948395922,0.07905360420809919,-0.0756686952004418,1.0547835915638923,1,0,0,0,0,0,1,0,0,0,0,0,0
Zauchensee,0.1282904170564271,-0.19330169098289982,0.3166194152917788,0.9384572829040756,-0.25287649822610847,-0.46510350189727245,-0.44935288152352915,-0.38671837289720395,-0.3436181641274334,-0.2803811739520916,-0.006174674435846377,-0.27493864118392036,-0.20571272834542412,-0.2688788976708359,1,0,0,1,0,0,0,0,0,0,0,0,0
